,Job Title,Total Years of Experience,Country,City,Base Salary,Bonus,Industry,Tech Stack,Current job,Job offer 1,Job offer 2,Degree,Equity,Years in Current Role,Location
0,Staff Data Engineer,11,null,NYC,185000.00,15000.00,Workforce development,"['bigquery', 'dbt', 'aws', 'kinesis', 'lambda', 'airflow', 'databricks']",,,,,,,
1,Data Engineer,5,NL,,63000.00,,Health Tech,"['gcp', 'storage', 'vm', 'pyspark', 'sas', 'python']",,,,,,,
2,Senior Analytics Engineer,7,US,Seattle,190000.00,20000.00,Telehealth,"['big query', 'dbt', 'airflow', 'sql', 'looker']",,,,,,,
3,Database Engineer II,1,US,Midwest,85000.00,4250.00,Finance,"['airflow', 'dbt', 'snowflake']",,,,,,,
4,Senior Data Engineer,5,UK,London,65000.00,,,"['azure cloud', 'adf', 'adls', 'databricks', 'spark', 'sql']",,,,,,,
5,Senior Machine Learning Engineer,4,,Chicago,155000.00,7500.00,,"['python', 'kubernetes', 'cloud', 'security', 'observability', 'ci/cd']",,,,,,,
6,Analytics Engineer,15,US,Orlando,117000.00,7%,Hospitality,"['hadoop', 'hive', 'python', 'snowflake', 'mariadb']",,,,,,,
7,Data Engineer II,2.5,US,Orlando,139000.00,10%,Healthcare,"['python', 'snowflake', 'airflow', 'spark']",,,,,,,
8,BI + ETL developer,2.5,VN,HCMC,15600.00,,HRM / MSP,"['c#', 'ssis', 'sql server', 'tableau']",,,,,,,
9,Data Engineering Manager,7,,Seattle,181000.00,,,,,,,,,,
10,Data Engineer,6.5,,DC,160000.00,10%,startup,"['python', 'snowflake', 'dagster', 'dbt']",,,,,,,
11,Senior Data Engineer,6,DK,Copenhagen,97000.00,10.75%,Maritime,['aws'],,,,,,,
12,Data Engineer,4,IN,Lcol,126000.00,20000.00,Aviation,"['python', 'spark', 'azure', 'data factory', 'databricks']",,,,,,,
13,Data Engineer,3,US,Durham,95500.00,5000.00,Healthcare,"['snowflake', 'teradata', 'alteryx', 'ab initio']",,,,,,,
14,Data Engineer,2.5,US,North East,125000.00,37500.00,,"['gcp', 'bq', 'cloud run', 'python', 'prefect', 'dbt']",,,,,,,
15,Data Engineer,4,FI,,66000.00,7500.00,Consulting,"['aws', 'glue', 'lambda', 's3', 'athena', 'rds', 'cloudformation', 'python', 'sql', 'power bi']",,,,,,,
16,Sr Data Engineer,8,US,Seattle,184000.00,,,"['aws', 'snowflake', 'airflow', 'internally developed etl frameworks']",,,,,,,
17,Data Engineer,2,US,Des Moines,75000.00,9000.00,Insurance,"['azure', 'dbt', 'prefect', 'python']",,,,,,,
18,Data Engineering and BI Manager,5,US,null,135000.00,15000.00,Consumer goods,"['dbt', 'python', 'prefect', 'snowflake', 'azure', 'aws', 'power bi', 'databricks', 'docker', 'k8s', 'linux admin', 'git', 'terraform']",,,,,,,
19,,6,CA,Mtl,92000.00,,,"['ms ssis', 'ssms', 'tableau', 'aws mwaa (airflow)', 'dbt', 'snowflake', 'python', 'elementary data']",,,,,,,
20,Principal DE,Too many,,SoCal,230000.00,35000.00,Healthcare,"['aws', 'azure']",,,,,,,
21,Analytics Engineer,3.5,US,Indianapolis,90000.00,10%,Agriculture,"['fivetran', 'snowflake', 'dbt', 'tableau']",,,,,,,
22,Senior Enterprise Technology Analyst,11,US,West Coast,154000.00,,Utilities,"['hadoop', 'spark', 'python', 'sql', 'custom orchestration', 'adls', 'synapse', 'azure devops', 'gitlab', 'github', 'sql server', 'ssis', 'power bi']",,,,,,,
23,senior sales engineer,15,US,remote,185000.00,,,['snowflake'],,,,,,,
24,Data Engineer,2,UK,,70000.00,,Professional services,"['azure', 'python', 'pyspark', 'synapse', 'sql', 'devops']",,,,,,,
25,Senior Data Engineer,10,AU,Melbourne,176800.00,3%-6%,Employment,"['python', 'scala', 'sql', 'spark', 'kafka', 'nifi', 'databricks', 'emr', 'airflow', 'aws']",,,,,,,
26,Data Engineer,2,US,Remote,140000.00,null,null,['gcp'],,,,,,,
27,Data Engineer,1,,Seattle,140000.00,10000.00,Insuretech,"['aws', 'pyspark', 'dbt', 'databricks', 'airflow', 'trino', 'looker', 'tableau']",,,,,,,
28,Data Engineer,5,,,140000.00,,finance,"['airflow', 'python', 'snowflake']",,,,,,,
29,,,,,,,,,,,,,,,
30,Senior Technical Data Analyst,10,,,125000.00,700.00,Food Service,"['sql', 'light python']",,,,,,,
31,Senior Data Engineer,5,CA,Toronto,130000.00,32500.00,Finance,['azure'],,,,,,,
32,Data Engineer,6,DE,South Germany,58000.00,6000.00,Automotive,"['pyspark', 'databricks']",,,,,,,
33,Senior Data Engineer,7,,TX,175000.00,20000.00,Insurance,"['azure', 'adf', 'blob', 'vms', 'asql', 'python']",,,,,,,
34,Senior Data Engineer,4,GB,,126000.00,,Retail,"['azure', 'databricks', 'python', 'synapse']",,,,,,,
35,Lead Data Engineer,20,USA,remote,185000.00,5-10%,,['databricks'],,,,,,,
36,Senior Data Engineer,6,US,null,180000.00,40000.00,null,[],,,,,,,
37,Analytics Engineer II,2,US,Dallas,82500.00,8250.00,Advertising,"['aws', 'gcp', 'python', 'dbt', 'sql']",,,,,,,
38,Data Engineer,5,,SF Bay Area,115000.00,20000.00,,"['python', 'aws', 'legacy code has own scheduling system']",,,,,,,
39,Senior Data Engineer,4.5,TH,Bangkok,42000.00,33%-38%,Manufacturing,"['azure', 'adf', 'adls', 'batch', 'function', 'databrick', 'synapse', 'azure devops', 'git', 'cicd', 'gcp', 'powerbi']",,,,,,,
40,DE,4.5,,Midwest,140000.00,10%,entertainment,"['dbx', 'snowflake', 'azure']",,,,,,,
41,Staff Data Engineer,null,null,null,null,null,null,"['gcp', 'postgres', 'dbt', 'bq', 'airflow', 'gcf', 'aws', 'python']",,,,,,,
42,Lead Data Engineer,14,US,Remote,311000.00,20%,,"['azure', 'aws', 'on-prem', 'db', 'c#', 'python', 'sql', 'spark', 'orchestration', 'ci/cd']",,,,,,,
43,Director of Data,12,US,,194000.00,,,"['kafka', 'airflow', 'redshit', 'hex', 'metabase', 'd3js', 'google sheets']",,,,,,,
44,Data Engineer,6,US,New York,90000.00,10%,Logistics,"['python', 'sql', 'aws', 's3', 'lambda', 'kafka', 'alteryx']",,,,,,,
45,Data Engineer,4,,Seattle,124000.00,"10% cash, 20000.00 yearly in stock",Entertainment,"['snowflake', 'python', 'airflow']",,,,,,,
46,"Associate Director, Data Engineering",17,US,Pennsylvania,136000.00,,Environmental non-profit,"['sas', 'redshift']",,,,,,,
47,Data Engineer,3,HU,Budapest,40700.00,,American,"['aws', 'lambda', 'ecs', 'emr', 'dynamo', 'kinesis', 'step function', 'athena', 'redshift', 'python', 'spark', 'bigquery', 'docker', 'iac', 'ci/cd', 'devops']",,,,,,,
48,,,,,,,,,,,,,,,
49,Data Engineer,6,,Boston,160000.00,,Logistics,"['aws', 'airflow', 'snowflake', 'dbt']",,,,,,,
50,Business Intelligence Engineer,4,US,Remote,120000.00,10%,Transportation and Logistics,"['dbt', 'snowflake', 'github', 'powerbi']",,,,,,,
51,Senior Data Engineer (Tech Lead),9,US,Baton Rouge,140000.00,,Health Tech,"['snowflake', 'azure storage', 'adf', 'dbt', 'python']",,,,,,,
52,Data Engineer,10,CA,B.C,120000.00,12.00,Retail,"['azure', 'azure databricks', 'adf', 'synapse', 'sql']",,,,,,,
53,,,,,,,,,"{'Job Title': 'Data Engineer', 'Total Years of Experience': '4', 'Country': 'US', 'City': 'San Francisco', 'Base Salary': '180000.00', 'Bonus': 'null', 'Industry': 'Retail', 'Tech Stack': ['databricks', 'gcp', 'python', 'looker', 'airflow']}","{'Job Title': 'Senior Data Engineer', 'Total Years of Experience': '4', 'Country': 'US', 'City': 'New York', 'Base Salary': '190000.00', 'Bonus': 'null', 'Industry': 'Healthcare', 'Tech Stack': ['dbt', 'aws', 'python', 'tableau', 'hl7', 'fhir']}","{'Job Title': 'Senior Data Engineer', 'Total Years of Experience': '4', 'Country': 'US', 'City': 'San Francisco', 'Base Salary': '198500.00', 'Bonus': '125000.00', 'Industry': 'B2B SaaS', 'Tech Stack': ['databricks', 'terraform', 'aws', 'python']}",,,,
54,,,,,,,,,,,,,,,
55,Data Engineer,8,US,Austin,185000.00,30000.00,DTC consumer goods brand,"['snowflake', 'dbt', 'aws lambda', 'segment']",,,,,,,
56,Data Engineer II,4,,NYC,130000.00,10%,,"['aws', 'python', 'postgres']",,,,,,,
57,Associate Data Engineer,1.5,USA,MCOL,80000.00,,,"['airflow', 'databricks', 'html', 'css', 'javascript', 'node', 'react', 'mysql', 'scala', 'python', 'redshift', 'deltatable', 'databricks unity catalog', 'fivetran', 'hightouch', 'terraform']",,,,,,,
58,Data Engineer - market data,4.25,,HCOL,181000.00,20%,Asset Management,,,,,,,,
59,Data Engineer,1,,,100000.00,,Insurance,"['apache kafka', 'kstreams']",,,,,,,
60,Senior Data Engineer,31,US,Seattle,160000.00,,Healthcare,"['python', 'sql', 'gcp', 'bigquery', 'airflow', 'data warehouse']",,,,,,,
61,Data Consultant,2,DE,Berlin,47000.00,2000.00,Consulting,"['etl', 'ssis', 'talend', 'reporting', 'tableau', 'powerbi', 'sap analytics', 'python', 'java', 'backend', 'api development', 'ai based applications', 'spring', 'golang', 'c++', 'c#', 'powershell', 'database design', 'data warehousing', 'sql', 'nosql', 'bigquery', 'sql server', 'cloud', 'gcp', 'kubernetes', 'server administration', 'linux', 'ansible', 'terraform', 'business planning', 'ibm tm1', 'anaplan', 'bot development', 'chatbots', 'kore.ai']",,,,,,,
62,Azure Data Engineer,8,GB,London,126000.00,,Other,"['azure', 'adf', 'databricks', 'dbt']",,,,,,,
63,Lead Data Engineer,8,UK,Scotland,65000.00,9%,Media,"['old school ETL', 'informatica', 'ab initio', 'gcp']",,,,,,,
64,Data Engineer,2,GB,London,60000.00,,Consulting,"['azure', 'adf', 'adls', 'synapse', 'databricks', 'pyspark', 'python', 'sql']",,,,,,,
65,Azure Data Engineer,3.8,IN,Noida,1650000.00,200000.00,,"['pyspark', 'sql', 'azure databricks', 'azure data factory', 'adls gen2', 'python']",,,,,,,
66,Data Engineer II,4,,Chicago,160000.00,80000.00,Tech,"['gcp', 'k8s', 'python', 'golang']",,,,,,,
67,Data Engineer,1.75,US,Chicago,120000.00,10%,Health Tech,"['azure', 'python', 'dbt']",,,,,,,
68,Data Engineer,4,IN,,25200.00,2520.00,Retail,"['python', 'sql', 'dwbi', 'spark', 'beam', 'cloud (aws & gcp)']",,,,,,,
69,Data Engineer,1,,Louisiana,69000.00,,AgFi,"['tableau', 'pyspark', 'python', 'dash']",,,,,,,
70,Data Engineer,2,India,Hybrid,20000.00,30000.00,Healthcare,"['python', 'airflow', 'databricks']",,,,,,,
71,Data Engineer,3,RU,Moscow,31000.00,,e-commerce,"['scala', 'zio', 'spark streaming', 'hadoop', 'airflow', 'azure databricks', 'bare metal solutions']",,,,,,,
72,Analytics Engineer,2.5,SE,Stockholm,63000.00,,,"['dbt', 'databricks', 'airflow']",,,,,,,
73,BI Analyst,0.5,PK,,4300.00,,Logistics,"['oracle sql developer', 'windows task scheduler', 'ssrs', 'power bi', 'pl/sql developer']",,,,,,,
74,Data Engineer II,1.5,BR,SÃ£o Paulo,8437.76,703.00,Consulting,"['hadoop', 'hive', 'hbase', 'pyspark', 'iws']",,,,,,,
75,VP Data Science and Full Stack Engineer,30,,East coast,195000.00,,,"['azure', 'sql', 'python', 'c++', 'java', '.net', 'r']",,,,,,,
76,Junior Backend Developer,0.75,ES,Malaga,31400.00,2500.00,Telecom,"['java', 'spring boot', 'spark', 'hadoop', 'apache impala', 'python', 'django', 'apache kafka']",,,,,,,
77,ML Engineer II,19,UK,London,79200.00,Equity,Geospatial,"['python', 'gcp', 'gke', 'gce', 'composer', 'bigquery', 'artifact registry', 'terraform']",,,,,,,
78,,,,,,,,,,,,,,,
79,,,,,,,,,,,,,,,
80,Lead Data Management Analyst,2.5,US,,145600.00,,Banking,"['sqlite', 'python']",,,,,,,
81,Applications Administrator/Business Applications Analyst,1.5,US,NC,74520.00,,Higher Ed,"['oracle dbs', 'boomi', 'python', 'salesforce', 'tableau', 'tibco webfocus', 'docker', 'redhat', 'ansible', 'rhel', 'openshift']",,,,,,,
82,Data Engineer,3.5,US,Phoenix,98000.00,12000.00,E-commerce,"['python', 'databricks', 'snowflake', 'sql server', 'ssis']",,,,,,,
83,Data Engineer,5,CA,Toronto,110000.00,20000.00,Traditional F500,"['python', 'spark', 'airflow', 'dockery', 'hive']",,,,,,,
84,Data Engineer,5,,Denver,112000.00,,cannabis tech,"['azure data factory', 'snowflake', 'sql server', 'python']",,,,,,,
85,Data Engineer,2,US,Richmond,86500.00,20%,Insurance,"['azure', 'python', 'databricks', 'datafactory', 'microsoft sql server', 'azure devops/cicd', 'power bi', 'docker', 'jenkins', 'kubernettes']",,,,,,,
86,Lead Data Engineer,8,USA,California,90000.00,,Higher Ed,"['oracle', 'pl/sql', 'aws', 'glue', 'redshift']",,,,,,,
87,big data engineer,3,AU,,145000.00,,realestate,"['aws', 'python', 'snowflake', 'dbt', 'airflow']",,,,,,,
88,Lead Data Engineer,12,,Los Angeles,155000.00,14%,,"['snowflake', 'dbt', 'airflow', 'pyspark', 'python']",,,,,,,
89,Senior Data Engineer,8,USA,Virginia,155000.00,20000.00,Fintech,"['aws', 'linux', 'python', 'sql', 'snowflake', 'emr', 'databricks', 'kafka']",,,,,,,
90,Data Engineer,14,CZ,Prague,null,null,"Insurance, Automotive","['azure', 'adf', 'adls', 'adb', 'sql', 'pwbi', 'devops']",,,,,,,
91,Technology Lead - Advanced Analytics,15,AU,Sydney,152000.00,22800.00,Alcohol retail/hotels,"['google cloud platform', 'bigquery', 'dbt', 'vertex ai', 'informatica', 'cloud run', 'airflow', 'terraform', 'azure devops']",,,,,,,
92,DE,2,US,Remote,90000.00,,,"['python', 'airflow', 'aws']",,,,,,,
93,,,,,,,,,,,,,,,
94,Data Engineer I,1.25,PH,Manila,20000.00,,Telecoms,"['python', 'hadoop', 'snowflake']",,,,,,,
95,Data Engineer,3,NL,,56400.00,,Fashion Ecommerce,"['aws', 'airflow', 'redshift']",,,,,,,
96,Data Engineer,4,US,San Diego,140000.00,8%,Finance,"['snowflake', 'dbt', 'airflow', 'sql']",,,,,,,
97,Head of Data Engineering,13,US,Dallas,180000.00,15%,SAAS,"['aws', 'snowflake', 'airflow', 'dbt']",,,,,,,
98,Lead Data Engineer,4,CH,Zurich,126000.00,20000.00,Insurance,"['pyspark', 'postgres']",,,,,,,
99,Senior Data Engineer,4,,,130000.00,,Financial Services,"['databricks', 'azure', 'azure data factory', 'serverless stuff on azure', 'python', 'sql']",,,,,,,
100,Lead Data Engineer,10,DE,,110000.00,,consultancy,[],,,,,,,
101,Data engineer,3,Australia,,110000.00,,Finance,"['python', 'pyspark', 'airflow', 'sql']",,,,,,,
102,Staff Data Engineer,17,GB,Scotland,103000.00,,Health Tech,"['gcp', 'dbt', 'fivetran']",,,,,,,
103,Data Engineer,3,,,150000.00,50000.00,,"['python', 'sql', 'spark', 'dbt']",,,,,,,
104,Senior Data Engineer,5,CA,LCOL,71250.00,,,"['snowflake', 'fivetran', 'dbt', 'azure', 'python']",,,,,,,
105,Data Engineer,2,,,115000.00,,Martech,"['python', 'airflow', 'bigquery', 'gcs', 'dataflow']",,,,,,,
106,Data Engineer,3,,Dallas-FortWorth,95000.00,,,"['t-sql', 'enterprise dw modeling', 'azure data factory', 'microsoft dynamics nav (erp)', 'dax', 'power bi']",,,,,,,
107,Data Engineer,7,UK,London,60000.00,6000.00,,"['python', 'aws', 'snowflake', 'dbt', 'mongodb']",,,,,,,
108,Data Engineer,4.5,US,Remote,100000.00,,Retail,"['azure', 'databricks', 'python', 'pyspark', 'sql', 'power bi']",,,,,,,
109,Principal Data Engineer,8,UK,London,125000.00,10%,Consulting,"['azure', 'common tools']",,,,,,,
110,Data Engineer,3,Portugal,,40000.00,,,"['aws', 's3', 'emr', 'airflow', 'spark', 'snowflake', 'sql', 'terraform', 'docker', 'python', 'pytorch', 'mlflow', 'nodejs']",,,,,,,
111,Data Analytics Consultant,10,CA,Toronto,75000.00,,FP&A,"['sql', 'ssis', 'ssas', 'azure']",,,,,,,
112,,,,,,,,,,,,,,,
113,SQL Developer,4,US,Midwest,62000.00,,Quasi government,"['sql', 'powershell', 'c#', 'apache solr']",,,,,,,
114,Senior Data Platform Engineer,9,US,San Francisco,142000.00,25000.00,Medical devices,"['golang', 'terraform', 'argo workflows', 'aws s3', 'macie', 'iam', 'snowflake', 'dbt']",,,,,,,
115,Data Engineer,2,UK,,70000.00,,Professional Services,"['azure', 'python', 'pyspark', 'sql']",,,,,,,
116,Data Engineer,3,US,Toronto,130000.00,10000.00,,,,,,,,,
117,"Sr Director, Analytics and Business Intelligence",17,,Colorado,$190000.00,17%,HR Tech,"['aws', 'dbt', 'snowflake', 'looker']",,,,,,,
118,Senior data engineer,5,,NYC,160000.00,19000.00,real estate tech,"['dbt', 'snowflake', 'kafka']",,,,,,,
119,Principal Engineer,7,,Philadelphia,$215000.00,,,"['airflow', 'bigquery', 'pubsub', 'gke', 'scala', 'python']",,,,,,,
120,Senior Data Engineer,2-2.5,US,New York City,150000.00,,Analytics Consulting,"['snowflake', 'bigquery', 'dbt', 'fivetran', 'meltano', 'tableau', 'looker']",,,,,,,
121,Data Engineer,2,Germany,,66000.00,0.00,Consultancy,"['sql', 'azure', 'powershell', 'python']",,,,,,,
122,Senior Data Engineer,6,,Seattle,180000.00,,,"['typical', 'software', 'engineering', 'tech', 'stack']",,,,,,,
123,,,,,,,,,,,,,,,
124,data engineer,1,Argentina,,4800.00,,,"['azure', 'devops', 'databricks', 'data factory', 'airflow', 'python', 'pyspark']",,,,,,,
125,Senior Data Engineer,3,CA,Toronto,145000.00,,Consulting,"['dbt', 'snowflake']",,,,,,,
126,Staff Data Engineer,11,US,Mountain,160000.00,,Sports,"['mssql', 'c#', 'dagster', 'dbt', 'postgres']",,,,,,,
127,Data Engineer,1,BR,,80000.00,,Consulting,"['dbt', 'snowflake', 'airflow']",,,,,,,
128,Data Engineer,0.3,US,Midwest,85000.00,,Manufacturing,"['sql server', 'fivetran', 'github', 'hightouch']",,,,,,,
129,Senior Data Engineer,4,CA,Toronto,95000.00,7000.00,FMCG,"['azure', 'adf', 'logic apps', 'dedicated sql pool', 'serverless sql pool', 'devops', 'databricks', 'python', 'delta lake', 'great expectations', 'snowflake']",,,,,,,
130,Senior Data Engineer,4,CA,Eastern,100000.00,,Higher Ed,"['pgsql', 'python', 'airflow', 'dbt', 'meltano']",,,,,,,
131,Senior Data Engineer,4,US,Central,150000.00,,Banking,"['azure', 'snowflake', 'sql server', 'db2']",,,,,,,
132,Data Engineer,3,NL,,78000.00,,Healthcare,"['pyspark', 'gcp', 'postgres']",,,,,,,
133,Data Engineer,4,,NYC,138000.00,,,"['aws', 'databricks', 'airflow', 'terraform', 'python', 'dbt']",,,,,,,
134,Data Engineer,20,,Midwest,150000.00,9%,,"['airflow', 'terraform', 'aws', 'snowflake', 'spark', 'python']",,,,,,,
135,Data Engineer,1,US,,135000.00,,Finance,"['python', 'snowflake', 'azure', 'dbt']",,,,,,,
136,Data Engineer,3,,San Francisco Bay Area,180000.00,15%,Retail Technology,"['Databricks', 'Airflow', 'Looker', 'GCP', 'Python']",,,,,,,
137,Data Engineer,6,IN,Hybrid,35000.00,15000.00,,"['java', 'scala', 'python']",,,,,,,
138,Director of Analytics,11,USA,Louisville,120000.00,500.00,,"['crm software', 'ssas', 'powerbi', 'sql server', 'kafka', 'snowflake']",,,,,,,
139,Junior Data Engineer,0.5,GB,London,49000.00,,,"['python', 'sql']",,,,,,,
140,Data Engineer,1,Serbia,,19000.00,1000.00,IT,"['pandas', 'airflow', 'dbt', 'azure', 'snowflake', 'sql']",,,,,,,
141,Data Engineer,10,US,Portland,170000.00,25000.00,Cloud service provider,"['hive', 'airflow', 'python', 'aws', 'snowflake']",,,,,,,
142,Senior data engineer,7,CO,,90000.00,,consulting,"['snowflake', 'databricks', 'azure', 'python', 'sql', 'pyspark']",,,,,,,
143,,,,,,,,,,,,,,,
144,Data Engineer,1.75,USA,Remote,105000.00,8%,Manufacturing,"['dbt', 'snowflake', 'airflow', 'ms sql server', 'azure', 'various etl tools']",,,,,,,
145,Data Engineer,2.5,,,132000.00,5%,Consulting,"['azure', 'aws', 'apache frameworks', 'terraform', 'github', 'python', '.net', 'js']",,,,,,,
146,Senior Data Engineer,2,UK,Manchester,70000.00,10%,Tech consulting,"['python', 'sql', 'aws', 'gcp', 'github actions', 'azure pipelines', 'terraform', 'bigquery', 'redshift', 'spark', 'kafka', 'shell scripting']",,,,,,,
147,Software/Data Engineer,5,CH,Bern,115000.00,7500.00,Telecom / IT services,"['kafka ecosystem', 'flink', 'postgresql', 'kubernetes+kustomize', 'java', 'python']",,,,,,,
148,Data Engineer,4,,Midwest,115000.00,5000.00,Freight,"['databricks', 'aws', 'python', 'airflow', 'terraform', 'snowflake']",,,,,,,
149,Mid-level Data Engineering Consultant,2,Brazil,,17000.00,,Consultancy,"['airflow', 'spark-on-k8s', 'qlik', 'delta lake']",,,,,,,
150,Data Engineer,2,DK,Copenhagen,85775.00,85775.00,Pharmaceutical,"['aws', 'snowflake', 'dbt', 'dagster']",,,,,,,
151,,,,,,,,,,,,,,,
152,Junior data engineer,0,USA,,75000.00,10000.00,FinTech,"['python', 'sql']",,,,,,,
153,Data Engineer,1.8,IN,,9000.00,,Healthcare,"['python', 'sql', 'redshift', 'airflow', 'pyspark', 'azure services like adf', 'databricks', 'synapsw']",,,,,,,
154,Sr Data Engineer,1.25,,SoCal,200000.00,,Typical tech startup,"['python', 'postgresql', 'dbt', 'aws', 's3', 'dynamodb', 'lambda', 'glue', 'redshift', 'athena', 'step functions', 'snowflake', 'fivetran', 'cli', 'git', 'bash']",,,,,,,
155,Senior Data Engineer,9,IN,Chennai,4320.00,null,Retail / Supply Chain,"['spark', 'scala', 'python', 'airflow', 'google cloud platform', 'big query']",,,,,,,
156,Senior Data Engineer,6,NZ,Wellington,150000.00,,Consulting,"['azure', 'synapse', 'adb notebooks', 'tsql']",,,,,,,
157,Data Engineer,1,US,Southeast,120000.00,7200.00,,,,,,,,,
158,data engineer,6,,NYC,125000.00,14000.00,,"['python', 'aws', 'sql', 'looker']",,,,,,,
159,Senior Data Engineer,11,,Texas,133000.00,10500.00,Consulting,"['azure df/devops', 'databricks', 'python', 'sql']",,,,,,,
160,Information Systems Analyst,3,US,Indianapolis,90000.00,8000.00,Agriculture,"['mssql', 'fivetran', 'snowflake', 'dbt', 'tableau']",,,,,,,
161,Senior Data Engineer,8,,,160000.00,32000.00,,"['airflow', 'python']",,,,,,,
162,Data Engineer,<2,GB,Scotland,62500.00,10%,Retail,"['python', 'snowflake']",,,,,,,
163,Data Engineer IV,1,MX,,12600.00,,Painting and coatings,"['azure', 'adf', 'databricks']",,,,,,,
164,Data engineer / analyst,4,,Southern California,$150000.00,,Entertainment,"['dynamodb', 'kinesis', 's3', 'redshift spectrum', 'sql', 'python', 'quicksight']",,,,,,,
165,Senior Cloud Data Engineer,10,US,Chicago,145000.00,15%,Consumer Services,"['snowflake', 'dbt', 'airbyte', 'aws']",,,,,,,
166,Data Engineer,2,US,CO,145000.00,,,"['aws', 'databricks', 'python', 'scala', 'terraform']",,,,,,,
167,Data Engineer,4,US,San Francisco Bay Area,115000.00,15000.00,,,,,,,,,
168,Data Engineer,2,US,NJ,105000.00,15750.00,Insurtech,"['sql', 'python']",,,,,,,
169,Data Platform Engineer II,4,US,Texas,145000.00,15000.00,Manufacturing,"['azure', 'terraform', 'k8s']",,,,,,,
170,Solution Architect,5.5,US,Remote,144000.00,18000.00,,"['azure', 'snowflake', 'oracle', 'terraform', 'kafka', 'databricks', 'github']",,,,,,,
171,Data Engineer,,,,,,,,,,,,,,
172,Data Engineering Lead,7,US,Remote,185000.00,40000.00,Fintech,"['snowflake', 'aws', 'airflow', 'databricks', 'dbt', 'tableau', 'looker']",,,,,,,
173,Data Engineer,1,US,SE,70000.00,,Analytics,"['snowflake', 'fivetran', 'prefect', 'databricks', 'aws', 'dbt']",,,,,,,
174,Data Platform Engineer,3,,Bay Area,185000.00,60000.00,,"['aws', 'databricks/spark', 'flink', 'kafka', 'kubernetes', 'kotlin', 'scala']",,,,,,,
175,Data Engineer,2.5,,Seattle,$170000.00,,Retail,"['aws', 'redshift', 'lambda', 'glue', 'cloudformation', 'scala', 'python']",,,,,,,
176,Data Engineer II,4,US,Texas,127000.00,30000.00,Oil & Gas,"['gcp', 'app engine', 'cloud run', 'functions', 'pub/sub', 'postgresql', 'singlestore', 'elasticsearch', 'node', 'express', 'javascript', 'typescript', 'python']",,,,,,,
177,Data Engineer I,1,USA,Missouri,77000.00,,Health Insurance,"['aws', 's3', 'redshift', 'azure databricks', 'jenkins']",,,,,,,
178,Data Engineer (Analytics),1,,,,,,"['oracle sql', 'pandas', 'rlang', 'unix-systems', 'powerbi', 'qlik', 'azure']",,,,,,,
179,Data Engineer,2.5,,Atlanta,$120000.00,10% - 15%,Commercial Real Estate,"['ssis', 'azure', 'sql']",,,,,,,
180,Director DS&A,5,US,California,250000.00,245000.00,Ecomm / SaaS,"['aws redshift', 's3', 'lambda', 'ec2', 'rds', 'eks', 'tableau', 'dbt', 'dagster/airflow', 'k8s', 'python', 'snowflake']",,,,,,,
181,Analytics Architect,14,US,null,125000.00,null,Healthcare,"['azure', 'adls', 'adf', 'event hubs', 'databricks', 'sql server', 'sap hana']",,,,,,,
182,Data Engineer,2,CA,North Vancouver,115000.00,10%,Outdoor Apparel / Manufacturing / Retail,"['on-prem MSSQL', 'PBI', 'SAP', 'Azure ADF', 'DBT', 'Synapse']",,,,,,,
183,Junior Data Engineer,4,CA,Toronto,75000.00,,Public sector,"['adf', 'databricks', 'sql', 'python']",,,,,,,
184,Data Engineer,6,US,Remote,165000.00,35000.00,Finance,"['dbt', 'snowflake', 'aws', 'rds', 's3', 'iam', 'terraform', 'python', 'sql']",,,,,,,
185,Senior Data Engineer,11,US,West Coast,154000.00,,Utilities,"['Hadoop', 'Spark', 'Python', 'SQL', 'Custom Orchestration', 'ADLS', 'Synapse', 'Azure DevOps', 'SQL Server', 'SSIS', 'Power BI']",,,,,,,
186,Data Engineer,1,Turkey,,12000.00,,,"['hadoop', 'hive', 'spark', 'presto', 'airflow', 'nifi', 'debezium', 'kafka', 'docker', 'k8s', 'grafana-prometheus', 'scala', 'java', 'python', 'sql', 'oracle', 'sql server', 'postgres']",,,,,,,
187,Data Engineer,30,US,Atlanta,145000.00,14500.00,Consulting,"['azure', 'databricks']",,,,,,,
188,Data Engineer,1.5,,,90000.00,11000.00,Media,"['python', 'sql', 'snowflake']",,,,,,,
189,Data Engineer,5,ZA,,,,,"['gcp', 'ml', 'ai', 'python', 'pyspark', 'sql', 'golang']",,,,,,,
190,Data Engineer,1,US,South Central,75000.00,,Dept of Defence,"['c#', 'python', 'scala', 'mssql', 'mysql', 'pgresql', 'databricks', 'spark', 'airflow']",,,,,,,
191,Senior Ml Engineer,4,AE,Dubai,105000.00,4000.00,Prop tech,"['azure', 'databricks', 'synapse', 'web app', 'aks', 'data factory', 'spark', 'django', 'mlflow', 'torch']",,,,,,,
192,data engineer,1.75,US,Remote,115000.00,20000.00,non-tech,"['airflow', 'aws', 'snowflake', 'python', 'dbt', 'kubernetes', 'on-prem', 'open source', 'Postgres', 'pyspark', 'Kafka', 'minio', 'docker', 'Jenkins']",,,,,,,
193,Data Engineer,8,,SoCal,155000.00,,Telecom,"['dbt', 'snowflake', 'looker', 'fivetran', 'python', 'concourse']",,,,,,,
194,Data Engineer,4-5,AU,Major City,160000.00,7-15%,Consulting,['databricks'],,,,,,,
195,Data Engineer,8,Croatia,,55000.00,0.00,,"['sql', 'azure']",,,,,,,
196,Data Engineer,2.5,,Washington DC,145000.00,5000.00,Federal Contracting,"['python', 'sql', 'spark on databricks', 'aws']",,,,,,,
197,Senior Data Engineer,2.5,USA,Utah,125000.00,25%,Web 3.0 / blockchain,"['fivetran', 'dbt', 'snowflake']",,,,,,,
198,Full Stack Engineering Analyst,2,IN,Pune,324000.00,,Cosmetics,"['bigquery', 'airflow', 'python']",,,,,,,
199,Tech Lead,7,Poland,,null,,,"['full azure stack', 'databricks', 'adf', 'sql', 'synapse']",,,,,,,
200,Senior Analytics Engineer,2,US,Chicago,140000.00,7500.00,null,"['redshift', 'hex', 'azure devops', 'python', 'sql server']",,,,,,,
201,Digital Analyst,2,US,Southern,80000.00,1500.00,Utility Consulting,"['python', 'sql', 'power bi', 'azure', 'r']",,,,,,,
202,Senior Data Scientist,25,,,191000.00,,,"['python', 'airflow', 'kafka', 'tensorflow', 'tfx', 'docker', 'jenkins', 'linux', 'bash']",,,,,,,
203,Data Engineer,5,US,NYC,170000.00,10%,B2B SaaS,"['python', 'sql', 'dbt', 'postgres', 'snowflake', 'jenkins', 'airflow', 's3', 'flask', 'docker', 'celery']",,,,,,,
204,Software Engineer,1,US,Houston,100000.00,,,"['python', 'aws', 'docker', 'terraform', 'github workflows', 'jenkins']",,,,,,,
205,Data Engineer,4.5,UK,London,82600.00,,Energy,"['sql', 'dbt', 'spark', 'aws', 'k8s', 'terraform', 'python', 'airflow']",,,,,,,
206,Data Engineer,2,UK,London,75000.00,10-20%,Bank,"['python', 'sql', 'spark', 'airflow', 'hadoop']",,,,,,,
207,Data Engineer,1.8,Pakistan,,6000.00,,Consulting,"['azure', 'aws', 'python', 'airflow', 'docker', 'snowflake', 'spark']",,,,,,,
208,Staff Engineer,20,US,Remote,250000.00,50000.00,Financial Services,"['aws', 'airflow', 'python', 'sql', 'snowflake']",,,,,,,
209,Senior Data Engineer,3,,San Francisco,190000.00,80000.00,Apparel,"['Airflow', 'Spark', 'Hadoop', 'Hive', 'AWS', 'Snowflake', 'Kafka']",,,,,,,
210,MLOps Manager,8,DE,Berlin,107000.00,37500.00,Tech,"['gcp', 'python', 'scala']",,,,,,,
211,Data Engineer,2.5,US,Midwest,85000.00,,Manufacturing,"['sql server', 'fivetran', 'ssms', 'ssrs', 'tableau']",,,,,,,
212,Data Engineer,7,US,,175000.00,10%,,,,,,,,,
213,Senior Data Engineer,5,Germany,,78000.00,,E-commerce,"['gcp', 'python', 'airflow', 'kubernetes', 'apache beam']",,,,,,,
214,,,,,,,,,,,,,,,
215,Junior DE,0,UK,,null,,FinTech,[],,,,,,,
216,Data Operations Engineer,5,US,Remote,130000.00,10%,Healthcare,"['python', 'google cloud']",,,,,,,
217,Data Engineer,2,USA,Remote,115000.00,11500.00,Technology Startup,"['pyspark', 'aws', 'airflow']",,,,,,,
218,,,,,,,,,,,,,,,
219,Data Engineer,4,US,San Diego,105000.00,10%,Biotech,"['aws', 'python', 'sql', 'werum pas-x savvy']",,,,,,,
220,Data Engineering Manager,12,UK,London,53000.00,0.00,EdTech,"['gcp', 'python', 'mysql', 'looker']",,,,,,,
221,Data Engineer,4,US,Remote,152000.00,16500.00,SaaS,"['airflow', 'bigquery', 'sql', 'powerbi']",,,,,,,
222,Data Engineer,5,US,NY,125000.00,,Healthcare,"['aws', 'redshift', 'kinesis', 'dynamodb', 'emr', 'ecs', 'spark', 'python', 'kubernetes', 'sql', 'airflow']",,,,,,,
223,Senior Data Engineer,4,,,130000.00,,SaaS,"['fivetran', 'dbt', 'redshift']",,,,,,,
224,Data Engineer,3,Germany,Cologne,66000.00,,Retail,,,,,,,,
225,Junior Data Engineer,1,Germany,,45000.00,4000.00,Marketing,"['hadoop', 'python', 'sql', 'airflow', 'dbt']",,,,,,,
226,Data Engineer,3,USA,Phoenix,95000.00,,E-commerce,"['snowflake', 'python', 'sql server']",,,,,,,
227,Director of Data Engineering,12,US,Remote,205000.00,20000.00,Fintech,"['spark', 'scala', 'airflow', 'bigquery']",,,,,,,
228,Data Engineer,2,UK,,70000.00,,Professional services,"['python', 'sql', 'azure (synapse)']",,,,,,,
229,Principal: Advanced Analytics,19,USA,Louisiana,125000.00,13%,Telecom,"['python', 'teradata', 'snowflake', 'ms sql', 'oracle', 'windows', 'linux', 'scheduling', 'azure', 'onprem']",,,,,,,
230,Data Engineer,2,,Midwest,68000.00,,Automotive,"['snowflake', 'azure', 'adf', 'logic apps', 'function apps', 'tableau']",,,,,,,
231,Data Engineering Manager,20,US,null,140000.00,null,Healthtech,"['airflow', 'snowflake', 'python', 'aws', 'kubernetes', 'kafka']",,,,,,,
232,Data Engineer,,null,,,,Consultancy,,,,,,,,
233,VP Data Engineering,7,USA,Remote,250000.00,25000.00,Insurance,,,,,,,,
234,Jr Data Engineer,1,US,SE,70000.00,,Analytics,"['snowflake', 'dbt', 'fivetran', 'aws', 'databricks']",,,,,,,
235,Data Engineer,1,,,86000.00,9000.00,startup,"['aws', 'python', 'sql']",,,,,,,
236,Data Engineer,5,CA,Remote,138000.00,2000.00,Cyber Security,"['dbt', 'glue', 'meltano', 'prefect', 'terraform', 'aws', 'looker']",,,,,,,
237,Data Engineer,4,US,Remote,175000.00,,Tech/Media,"['scala', 'python', 'gcp', 'dataflow']",,,,,,,
238,Data engineer,2,Italy,,36000.00,3000.00,Automotive,"['azure', 'sql', 'airflow', 'kafka']",,,,,,,
239,Data Engineer,2.5,UK,London,70000.00,15000.00,Financial Services,"['gcp', 'bigquery', 'docker', 'kubernetes', 'terraform', 'python', 'go', 'kafka', 'airflow', 'mongo', 'cassandra']",,,,,,,
240,Data Engineer,2.75,AT,Remote,65000.00,,,"['scala', 'python', 'spark', 'nifi', 'kafka', 'databricks', 'azure']",,,,,,,
241,Lead Data Engineer (Machine Learning Engineer as well),2.5,US,Remote,135000.00,,Fintech,"['spark', 'python', 'databricks', 'temporal', 'aws', 'mongodb', 'pulumi']",,,,,,,
242,Data Engineer,15,US,Southeast,110000.00,,Public sector,"['ms sql', 'ssis', 'c#', 'powershell', 'azure']",,,,,,,
243,Senior Data Engineer,7,USA,Minnesota,175000.00,,Fintech,"['fivetran', 'dbt', 'snowflake', 'looker']",,,,,,,
244,Data engineer,4.5,US,Remote,145000.00,5%,,"['airflow', 'dbt']",,,,,,,
245,"Software Engineer, Data",4,US,MCOL,125000.00,,Late stage startup,"['python', 'sql', 'spark', 'kafka', 'prefect', 'aws']",,,,,,,
246,Senior Data Engineer,11,USA,remote,152000.00,,US Federal Gov,"['databricks', 'azure synapse', 'aws', 'mongodb', 'postgresql', 'mysql']",,,,,,,
247,Data Specialist,2,US,Atlanta,90000.00,,Human Services,"['sql', 'python', 'snowflake']",,,,,,,
248,Data Engineer,4,,,24000.00,,,"['pyspark', 'airflow', 'bigquery', 'hive', 'kafka', 'datafusion', 'dataproc']",,,,,,,
249,Data Engineer,3,SE,,44000.00,,Retail,"['gcp', 'python', 'sql', 'terraform']",,,,,,,
250,ETL Manager,7,US,Central,148000.00,15%,"Insurance, Pharmacy","['aws', 'redshift', 'kinesis', 'lambda', 'ecs', 'c#', 'nodejs', 'sql', 'python']",,,,,,,
251,Data Engineer,1,ES,Remote,55000.00,,E-commerce,"['aws', 'dbt', 'snowflake', 'airflow', 'python', 'databricks']",,,,,,,
252,Data Engineer,6,Germany,Berlin,73600.00,,Smart Procurement,"['python', 'spark', 'databricks', 'aws', 'delta lake', 'neo4j', 'elasticsearch', 'apollo graphql', 'prefect']",,,,,,,
253,Data Engineer,2,ID,,10000.00,,Fintech,"['gcp', 'airflow', 'dbt', 'kafka']",,,,,,,
254,Senior Data Engineer,3,US,Midwest,130000.00,13000.00,,"['sql', 'talend', 'aws', 'tableau']",,,,,,,
255,Data Engineer - Consultant,1.5,NO,Oslo,72000.00,,Tech Consultancy,"['azure', 'azure data factory', 'databricks', 'python', 'pyspark', 'sql']",,,,,,,
256,Data Engineer,2.5,,,100000.00,,,,,,,,,,
257,Data Analyst,1.5,US,,50000.00,,,"['python', 'r', 'sql', 'airflow', 'gcp', 'tableau']",,,,,,,
258,Data Engineer I,2.5,IN,Bengaluru,28571.43,,Finance,"['spark', 'airflow', 'scala', 'python', 'kafka']",,,,,,,
259,Data Eng,4,CA,Remote,140000.00,,,"['dbt', 'airflow', 'snowflake']",,,,,,,
260,Data Engineer,17,CA,GTA,95000.00,0,Health Care,"['python', 'sql server', 'ssis', 'azure']",,,,,,,
261,,,,,,,,,,,,,,,
262,Senior Data & Cloud Infrastructure Architect,20,CA,Vancouver,152000.00,,Computation Chemistry,"['aws', 'k8s', 'python']",,,,,,,
263,Data Engineer,3,CA,Hybrid,120000.00,,,,,,,,,,
264,Data Engineer/Python developer,1,Argentina,,7031.00,586.00,LegalTech,"['python', 'sql', 'gcp', 'js']",,,,,,,
265,Data Engineer,4,US,Remote,160000.00,,Cybersecurity,"['big data', 'hadoop', 'kafka', 'nifi', 'aws', 'java']",,,,,,,
266,Lead Data Engineer,7,US,Oregon,170000.00,,SaaS Startup,"['aws sam', 'go', 'python', 'dbt', 'snowflake', 'fivetran']",,,,,,,
267,Senior Data Engineer,5,,NYC,160000.00,19000.00,Real Estate,"['aws', 'snowflake', 'dbt', 'airflow', 'kafka']",,,,,,,
268,Data Engineer/Analyst,3,,,85000.00,,Commercial/Defense,"['python', 'aws', 'docker', 'mongodb']",,,,,,,
269,Jr. Data Warehouse Engineer,< 5,NL,,50000.00,8000.00,Financial Services,"['sql', 'tableau']",,,,,,,
270,Data Engineer,3,,Greater Boston Area,95000.00,,Tech consulting,"['azure', 'python', 'sql']",,,,,,,
271,Data Specialist,2.75,US,Southeast,90000.00,6300.00,Human Services,"['sql', 'python', 'snowflake']",,,,,,,
272,Data Engineer II,3,IN,Remote,23800.00,1260.00,Insurance,"['python', 'sql', 'snowflake', 'aws']",,,,,,,
273,data platform engineer,3.5,,bay area,190000.00,20000.00,,"['aws', 'spark', 'flink', 'kafka', 'scala', 'java', 'airflow', 'snowflake']",,,,,,,
274,Senior data engineer,3.5,US,Remote,115000.00,30000.00,Finance,"['python', 'sql', 'aws']",,,,,,,
275,"SWE, Data Platform",3.5,US,Austin,155000.00,,,"['python', 'go', 'snowflake']",,,,,,,
276,Data Engineer,6,CA,Toronto,110000.00,10000.00,Financial Services,"['airflow', 'spark', 'hadoop', 'hive', 'aws']",,,,,,,
277,SWE - DE,2,,SF,172000.00,,,"['scala', 'python']",,,,,,,
278,Data Scientist/Data Engineer,3,Pakistan,Lahore,10000.00,1700.00,Software Services,"['python', 'sql', 'ml/dl', 'docker', 'flask/fast api', 'aws', 'kafka', 'linux', 'numpy', 'pandas']",,,,,,,
279,Data Engineer,2,AR,null,16000.00,null,null,"['aws', 'sql', 'python', 'airflow']",,,,,,,
280,Data Analyst,0.5,,Baltimore,60000.00,,Data & Analytics Consulting,"['snowflake', 'sql', 'dbt', 'python']",,,,,,,
281,Data Engineer,8,CA,,90000.00,,Food,"['snowflake', 'python', 'azure', 'sql server', 'fivetran', 'git', 'power bi']",,,,,,,
282,Senior Data Engineer,6,UK,Remote,87000.00,0.00,Entertainment,"['python', 'aws', 'kafka', 'kubernetes', 'prefect']",,,,,,,
283,Data Engineer,1.5,,Midwest,100000.00,3.5,Apparel,"['scala', 'spark', 'kafka', 'hive', 'cloud']",,,,,,,
284,Data Engineer,1.5,,HCOL,120000.00,,Media Agency,"['gcp', 'snowflake', 'python', 'sql']",,,,,,,
285,Data Engineer,0,,,100000.00,5000.00,,"['python', 'snowflake', 'azure', 'dbt', 'looker']",,,,,,,
286,Senior Engineer,11,US,Atlanta,160000.00,10%,Finance,"['azure sql', 'adf', 'azure as', 'power bi']",,,,,,,
287,DE,1,ES,Barcelona,55000.00,,Tech,"['snowflake', 'airlfow', 'dbt/sql', 'aws', 'python', 'spark', 'databricks', 'segment', 'census']",,,,,,,
288,ETL Dev/Data Engineer,4.5,CA,Toronto,92000.00,,,"['ibm datastage', 'azure data factory', 'powerbi']",,,,,,,
289,Data Engineer,4,,NY,140000.00,20000.00,Adtech,"['snowflake', 'aws', 'gcp', 'python', 'dbt', 'sql', 'airflow', 'pyspark', 'terraform']",,,,,,,
290,Data Engineer,2,US,Remote,89700.00,null,Food and Bev,"['azure', 'dbx', 'python', 'spark', 'snowflake']",,,,,,,
291,Data Engineer,1.5,USA,Midwest,115000.00,11500.00,,"['snowflake', 'adf', 'databricks', 'ms sql', 'oracle', 'teradata', 'splunk']",,,,,,,
292,Junior Software Developer,1.5,UAE,Dubai,55000.00,null,Energy Trading,"['python', 'pyspark', 'pandas', 'sql', 'websockets', 'airflow', 'aws', 'rds', 's3', 'athena', 'glue', 'emr', 'redshift', 'kinesis']",,,,,,,
293,Data Engineer,1.5,USA,Central VA,84500.00,6%,null,"['azure', 'adf', 'data bricks', 'ssis', 'python', 'kubernetes', 'jenkins']",,,,,,,
294,"Software Engineer, Data Platform",3.5,AU,Melbourne,120000.00,13200.00,Property,"['python', 'aws']",,,,,,,
295,BI Architect,5,CA,Montreal,93000.00,,Security / Guarding,"['ms ssis', 'ssms', 'tableau', 'aws mwaa (airflow)', 'dbt', 'snowflake', 'python']",,,,,,,
296,Senior Data Engineer,10,USA,Midwest,130000.00,,Telecom / Media,"['python', 'mysql', 'kubernetes', 'scala', 'aws', 'kafka']",,,,,,,
297,Senior Data Engineer,20,BR,Recife,152400.00,,Pharma,"['cloudera', 'spark', 'nifi', 'hive', 'impala', 'oracle', 'sql server', 'scala', 'python', 'ci/cd']",,,,,,,
298,Junior Data Engineer,1,UK,London,35000.00,,Geospatial,"['pyspark', 'aws', 'glue', 'athena', 'emr', 'snowflake', 'airflow']",,,,,,,
299,Principal DE,20,US,CA,220000.00,22500.00,,"['aws', 'python', '.net', 'mssql', 'postgres', 'redshift', 'airflow', 'streaming', 'lambda', 'heavy sql']",,,,,,,
300,Senior Data Engineer,9,FR,,96000.00,,,"['python', 'sql', 'airflow', 'prefect', 'aws', 'snowflake', 'dbt']",,,,,,,
301,Data Engineer,5,USA,,135000.00,13500.00,,"['gcp', 'sql', 'power bi', 'python']",,,,,,,
302,Sr Data Engineer,5,,Tampa Bay,225000.00,,gaming,"['aws', 'databricks', 'cloud', 'cdp']",,,,,,,
303,,,,,,,,,,,,,,,
304,Data Engineer,3,,,200000.00,,,,,,,,,,
305,Data Engineer,4.5,US,New York,115000.00,,,"['airflow', 'spark', 'redshift', 'python', 'sql', 'aws', 'kubernetes', 'docker', 'kinesis']",,,,,,,
306,Principal consultant,8,US,South,135000.00,410000.00,Data Science Consulting in regulated industries,"['dbt', 'python', 'databricks', 'aws', 'azure', 'gcp', 'dbeaver', 'java', 'scala', 'kotlin', 'r', 'sas', 'airflow', 'prefect', 'sql']",,,,,,,
307,Senior Data Engineer,2.5,FI,,50400.00,,Consulting,['azure'],,,,,,,
308,Senior Data Infrastructure Engineer,1,US,NYC,170000.00,,DaaS,['null'],,,,,40000.00,,
309,Business Intelligence Developer,3,US,MHCOL,78500.00,10-15%,Financial Services,"['ssms', 'ssis', 'power bi', 'azure', 'python']",,,,,,,
310,Data Engineer,0.92,UK,Lichfield,24000.00,,,"['python', 'jenkins', 's3', 'lambda', 'redshift', 'adobe campaign', 'tableau', 'aws data pipeline']",,,,,,,
311,DE/Data Arch,6,US,Midwest,130000.00,75000.00,,"['aws', 'python', 'spark', 'terraform']",,,,,,,
312,DE,1,US,Remote,87000.00,,,"['aws', 'airflow', 'python']",,,,,,,
313,Data Infrastructure Engineer,4,UK,London,105000.00,10%,,"['airflow', 'dbt', 'aws', 'kafka', 'snowflake', 'terraform', 'python']",,,,,,,
314,Data Engineer,4,UK,,45000.00,,,,,,,,,,
315,Data Engineer,4,GB,Scotland,90000.00,14000.00,Tech,"['aws', 'airflow', 'scala', 'spark', 'python']",,,,,,,
316,Data Engineer,3,CA,Toronto,86000.00,5000.00,FMCG,"['azure', 'databricks', 'python', 'spark', 'sql', 'devops', 'snowflake']",,,,,,,
317,Geospatial Data Engineer,6,,East TN,160000.00,,AgTech,"['python', 'postgres', 'aws', 'gcp bigquery']",,,,,,,
318,Senior Data Engineer,6,,Seattle,165000.00,10000.00,Media/entertainment,"['airflow', 'spark', 'aws', 'terraform', 'databricks', 'snowflake']",,,,,,,
319,Mid-level data engineer,4,CA,Toronto,130000.00,5000.00,Finance,"['python', 'spark', 'snowflake']",,,,,,,
320,Data Engineer,6,,,,,Consulting,"['sql', 'adf', 'snowflake', 'python']",,,,,,,
321,Sr de,10,,Chicago,160000.00,12500.00,Fin,"['python', 'sql', 'aws', 'glue', 'lambdas', 'emr', 'lakes', 'redshift', 'postgresql', 'terraform']",,,,,,,
322,Senior Data Engineer,8,UK,London,110000.00,25%,,"['airflow', 'beam', 'gcp']",,,,,,,
323,Senior Data Engineer,3,,Bay Area,180000.00,,,,,,,,,,
324,Data Engineer,5,,Seattle,350000.00,,,"['aws', 'airflow', 'python', 'sql', 'spark', 'dbt', 'terraform', 'system design', 'data modeling']",,,,,,,
325,Business Intelligence Data Engineer,1.5,,,,,Healthcare,"['sql', 'ssis', 'epic']",,,,,,,
326,Sr. Data Engineer,5,US,Columbus,135000.00,5%,Consulting,"['aws', 'azure', 'snowflake']",,,,,,,
327,Data Engineer,4,,MCOL North East,85000.00,3%,Insurance,"['azure databricks', 'pyspark', 'sql', 'devops', 'r', 'r shiny', 'docker']",,,,,,,
328,Data Engineer,1.58,UK,England (Not London),49000.00,4000.00,Financial services,"['python', 'c#', 'sql', 'azure']",,,,,,,
329,Senior Data Engineer,2,UK,London,50000.00,,Government,"['aws', 'python', 'spark', 'iac']",,,,,,,
330,Data Engineer,3,US,West,110000.00,5%,"Healthcare, Fintech","['azure', 'databricks']",,,,,,,
331,Data Engineer,4,US,Remote,145000.00,16000.00,SaaS,"['airflow', 'bigquery', 'sql', 'python']",,,,,,,
332,Data Engineer,4,BR,,82000.00,,Consulting services,"['python', 'snowflake', 'dbt', 'gcp']",,,,,,,
333,data engineer,3.5,UK,Remote,80000.00,20%,,"['aws', 'snowflake', 'kafka cdc', 'dbt', 'prefect', 'terraform', 'data modelling']",,,,,,,
334,Data Engineer,1,AU,Melbourne,100000.00,20%,Finance,,,,,,,,
335,Data Engineer,1.5,Spain,Barcelona,49000.00,,Marketing,"['gcp', 'bigquery', 'composer', 'dataflow', 'cloud run', 'python', 'sql', 'airflow', 'terraform']",,,,,,,
336,Data Engineer,1,Australia,,90000.00,,Finance,"['python', 'pyspark', 'sql']",,,,,,,
337,Data Engineer,6,UK,London,85000.00,40.00,Finance,['gcp'],,,,,,,
338,Mid-Level Data Engineer,3,AU,,150000.00,20000.00,fintech,"['azure databricks', 'airflow', 'fivetran', 'snowflake']",,,,,,,
339,Data Engineer,1,UK,Northern Ireland,45000.00,4000.00,Biotech,"['python', 'snowflake']",,,,,,,
340,Data / ML Engineer,2,NL,,3200.00,,Consulting,"['aws', 'glue', 'spark', 'step functions', 'cdk', 'python', 'docker']",,,,,,,
341,Senior Data Engineer,8,,Seattle,208000.00,,Media/entertainment,"['aws', 'snowflake', 'postgres']",,,,,,,
342,Data Engineer,3,USA,Bay Area,130000.00,10%,,"['airflow', 'aws', 'spark', 'python']",,,,,,,
343,Data Engineer,1,US,,100000.00,,StartUp,"['aws', 'snowflake', 'python', 'airflow', 'fivetran', 'dbt']",,,,,,,
344,Data Engineer,4,US,NE,145000.00,10000.00,Software/AI,"['aws', 'athena', 'glue', 'dynamodb', 'python', 'sql', 'airflow', 'spark']",,,,,,,
345,Senior Software Engineer (ML Ops/DE),4,,Midwest,160000.00,,life science consulting,,,,,,,,
346,Director of Strategy and Technology,3.5,USA,Rural,104000.00,,Real Estate Investment,"['gcp', 'fivetran', 'redshift', 'dbt', 'sisense']",,,,,,,
347,Data Eng 1,1.5,US,Remote,77500.00,0.00,Healthcare,"['ssis', 'ssas', 'ssrs', 'sql server', 'oracle']",,,,,,,
348,Software Engineer,1,,,80000.00,4000.00,Finance,"['azure cloud', 'databricks', 'python']",,,,,,,
349,Data Engineer,0,,Chicago,$80000.00,$10000.00,Consulting,"['gcp', 'python', 'sql']",,,,,,,
350,,,,,,,,,,,,,,,
351,Junior Data Engineer,0.5,UK,London,35000.00,,,"['python', 'aws', 'airflow', 'snowflake', 'sql']",,,,,,,
352,Data engineer,3,AU,,140000.00,,Finance,"['gcp', 'dbt']",,,,,,,
353,Sr Data Engineer,10.5,CA,Montreal,135000.00,13500.00,,"['aws', 'databricks', 'terraform']",,,,,,,
354,Data Engineer,10,GB,South East England,73000.00,10%,Retail,"['aws', 'airflow', 'python', 'terraform', 'snowflake']",,,,,,,
355,Data Engineer III,4,MX,,131000.00,10%,,"['python', 'sql', 'snowflake', 'aws', 'prefect']",,,,,,,
356,Data Wrangler,1,GB,London,32000.00,,Healthcare,"['aws', 'python', 'prefect']",,,,,,,
357,Data Engineer,2,US,MCOL,115000.00,,Health care,"['sql', 'ssis', 'epic tools']",,,,,,,
358,,,,,,,,,,,,,,,
359,Data Engineer,13,CA,Vancouver,111000.00,10%,Apparel/Manufacturing/Retail,"['mssql', 'cloud', 'databricks', 'dbt', 'sap']",,,,,,,
360,,,,,,,,,,,,,,,
361,Lead Data Engineer,10,US,Midwest,175000.00,,Defense/Research,"['aws', 'airflow', 'python']",,,,,,,
362,Data Engineer,3,,Bay Area,190000.00,,Fintech,"['python', 'sql', 'airflow', 'aws', 'spark', 'dbt', 'fivetran']",,,,,,,
363,Senior Data Engineer,8,US,Bay Area,182000.00,10000.00,,"['nlp', 'consumer', 'enterprise', 'aws', 'snowflake', 'ms access', 'python', 'typescript']",,,,,,,
364,Business Intelligence Technical Lead,16,CA,Toronto,160000.00,24000.00,Food / hospitality,"['redshift', 'snowflake', 'airflow', 'python', 'dbt', 'power bi', 'looker']",,,,,,,
365,Data Engineer,8,,,140000.00,,Consulting,"['go', 'aws', 'lambdas', 'sqs', 'kafka']",,,,,,,
366,data engineer,1,,SEA,12000.00,,BPO,"['gcp', 'big query', 'airflow', 'python', 'sql', 'looker lookml']",,,,,,,
367,Data Architect,20,USA,Philadelphia,206000.00,15%,online education,,,,,,,,
368,Data Engineer,5,SG,Singapore,84000.00,6000.00,Banking,"['bigdata', 'spark', 'java', 'cicd', 'aws']",,,,,,,
369,Data Engineer Consultant,0,,Midwest,70000.00,,,[],,,,,,,
370,Data Engineering Consultant,1.5,BR,remote,13000.00,1300.00,consulting,"['pyspark', 'airflow', 'kafka', 'trino', 'gcp']",,,,,,,
371,Data Engineer,6,US,Remote,130000.00,10%,CPG Logistics/DaaS,"['aws', 'airflow', 'sql', 'postgres', 'snowflake', 'singlestore', 'python', 'spark', 'kubernetes', 'eks', 'helm', 'terraform', 'airbyte', 'r', 'dbt']",,,,,,,
372,Data Scientist,4,,,150000.00,,Tech,"['redshift', 'python']",,,,,,,
373,Software Engineer,5,null,null,null,null,Defense,"['aws s3', 'openshift', 'airflow', 'dask', 'in house python modules']",,,,,,,
374,Associate Analytics Engineer,1,US,Colorado,95000.00,10000.00,,"['aws', 'airflow', 'spark', 'python']",,,,,,,
375,,,,,,,,,,,,,,,
376,Sr Data Engineer,5,,NYC,160000.00,12%,Real Estate,"['Snowflake', 'AWS', 'Airflow', 'DBT']",,,,,,,
377,Associate Data Scientist,4,,,100000.00,,,"['azure', 'databricks', 'airflow', 'pyspark', 'docker', 'python', 'sql']",,,,,,,
378,Lead Data Engineer,7,,Seattle,112000.00,,Manufacturing,"['aws', 'snowflake', 'dbt', 'terraform', 'schemachange', 'attunity']",,,,,,,
379,Junior Data Engineer / Scientist,0.83,,Midwest,72000.00,7000.00,,"['python', 'sql', 'sas', 'aws']",,,,,,,
380,Data Engineer,1.5,,Midwest,100000.00,,Retail,"['scala', 'sql', 'kubernetes', 'gcp']",,,,,,,
381,Data Engineer,6,,NYC,170000.00,80000.00,Tech,['scala'],,,,,,,
382,Data Engineer intern,0,FR,Paris,12000.00,0.00,Financial services,"['python', 'airflow', 'aws', 's3', 'ecs', 'bigquery', 'docker', 'postgres']",,,,,,,
383,Data Engineer,1,US,Remote,95000.00,25000.00,Healthcare,"['python', 'aws']",,,,,,,
384,data engineer,3,US,Central Virginia,110000.00,,Legal/Consulting,"['python', 'sql', 'aws']",,,,,,,
385,Senior Data Engineer,6,Spain,Remote,100000.00,,SaaS,"['redshift', 'pyspark', 'emr', 'airflow']",,,,,,,
386,,,,,,,,,,,,,,,
387,Junior Data Engineer,0,US,Atlanta,60000.00,2000.00,Government/Academic Research Data,"['r', 'postgresql']",,,,,,,
388,Data Engineer,5,,NYC suburbs,100000.00,10000.00,Financial services,"['oracle', 'python']",,,,,,,
389,,,,,,,,,,,,,,,
390,Data Engineer,0,US,NY,51000.00,0,,"['sql', 'python', 'c#']",,,,,,,
391,Data Engineer (L4),4,,,180000.0,,Retail (Series C),"['Databricks', 'GCP', 'Python', 'Looker', 'Airflow']",,,,,,,"Remote US (SF Bay Area, comp is standard across USA)"
392,Data Engineer,10,UK,London,120000.00,20%,,"['presto', 'spark', 'airflow']",,,,,,,
393,Senior Infrastructure Data Engineer,3,CA,Toronto,115000.00,5000.00,Fintech,"['postgres', 'eks', 'aws', 'iac']",,,,,,,
394,Data Engineer,4,US,Midwest,145000.00,5%,Tech,"['airflow', 'python', 'dbt']",,,,,,,
395,Data Scientist,5.25,US,MCOL,110000.00,15000.00,Weather,"['python', 'c++', 'sql', 'r', 'aws', 'prefect']",,,,,,,
396,Data Engineer,1-2,US,Ohio,85000.00,12500.00,Sales and Marketing,"['sql', 'powerbi', 'azure synapse', 'd365', 'python']",,,,,,,
397,Sr. Integration Engineer,6,,Colorado,175000.00,,,,,,,,,,
398,Sr data engineer,10,,Chicago,160000.00,12000.00,,"['sql', 'python', 'aws', 'azure']",,,,,,,
399,,,,,,,,,,,,,,,
400,Data Engineer,5,US,Midwest,140000.00,,Fintech,"['python', 'airflow', 'aws', 'terraform']",,,,,,,
401,,,,,,,,"['python', 'aws', 'sql', 'airflow']",,,,,,,
402,Data Engineer,9,,Bay Area,190000.00,15%,,"['presto', 'spark', 'proprietary pipeline tool', 'proprietary dashboarding tool']",,,,,,,
403,Data Engineer,3,PH,Manila,15600.00,1300.00,,"['python', 'sql', 'rds', 'dms', 'kinesis', 'lambda', 's3', 'glue', 'athena', 'redshift', 'ec2', 'airflow', 'git']",,,,,,,
404,Data Engineer,3,US,Midwest,110000.00,null,null,"['cloud', 'spark', 'python', 'airflow']",,,,,,,
405,,,,,,,,,,,,,,,
406,Data Engineer,2,US,Remote,152000.00,20000.00,Telecom,"['on-prem private cloud', 'airflow', 'nifi', 'spark', 'trino', 'sql', 'python']",,,,,,,
407,BI Analyst,2,Baltic States,,21600.00,5%,Healthcare,"['mysql', 'python']",,,,,,,
408,Lead Data Engineer,3,,Greater Seattle area,115000.00,,Logistics,"['python', 'sql', 'snowflake', 'aws', 'terraform', 'github actions']",,,,,,,
409,BI Analyst,3,BR,,24672.00,,Government,"['pentaho', 'python', 'metabase', 'postgres', 'on premise']",,,,,,,
410,Sr. Data Engineer,8,US,,220000.00,67500.00,,"['beam', 'scala', 'python', 'gcp']",,,,,,,
411,Data Engineer,4,GB,London,63000.00,10%,Air Travel,"['aws', 'python']",,,,,,,
412,Data Engineer Intern,,BR,,,,,"['python', 'sql', 'aws', 'rds', 'ec2', 's3', 'athena', 'glue', 'cloudwatch', 'terraform', 'postgres']",,,,,,,
413,Data Engineer,2,,DMV,100000.00,10%,Media,"['aws', 'python', 'airflow']",,,,,,,
414,Data Engineer,3,US,Texas,140000.00,,Finance,"['sql', 'python', 'azure (databricks/data factory)']",,,,,,,
415,Senior Data Engineer,11,,San Francisco,190000.00,80000.00,e-comm,"['airflow', 'spark', 'kafka', 'aws']",,,,,,,
416,DE,2,US,null,150000.00,null,null,[],,,,,,,
417,Senior Software Engineer - Data,3-4,USA,Boston,130000.00,,Healthcare,"['python', 'sql', 'aws', 'airflow', 'dbt']",,,,,,,
418,Data Engineer,< 1,,,94000.00,10-30%,Insurance,"['snowflake', 'dbt', 'terraform', 'aws', 'kubernetes', 'github actions', 'fastapi']",,,,,,,
419,Cloud Architect,30,,New Orleans,,,Entertainment,"['postgres', 'java', 'custom frameworks']",,,,,,,
420,,,,,,,,,,,,,,,
421,Geospatial Data Engineer,1,CA,Toronto,70000.00,,Marketing Consulting/ SaaS,"['snowflake', 'azure databricks', 'alteryx', 'arcgis']",,,,,,,
422,Data Engineer,4,,Los Angeles,150000.00,15000.00,Big Tech,,,,,,,,
423,Data Engineer,1,BE,Brussels,26400.00,,,"['azure stack', 'adls gen2', 'azure data factory', 'azure databricks', 'synapse', 'sql db']",,,,,,,
424,Data Engineer,3,,Bay Area,190000.00,,Fintech,"['python', 'sql', 'airflow', 'aws', 'spark']",,,,,,,
425,BI developer,5,IL,Tel Aviv,76000.00,,Games,"['redshift', 'snowflake', 'airflow', 'tablue']",,,,,,,
426,DE 1,2,,HCOL Northeast,135000.00,5%,Health,"['python', 'aws']",,,,,,,
427,Big Data Engineer,4,ZA,Remote,55000.00,,SaaS,"['scala', 'spark']",,,,,,,
428,Junior Data Engineer,2,,Bay Area,125000.00,,,"['sql', 'python', 'snowflake', 'aws']",,,,,,,
429,Data Engineer,5,US,MCOL,180000.00,,,"['sql', 'python', 'airflow', 'spark']",,,,,,,
430,Data Engineer,0.67,PH,,26400.00,,Data warehouse/Analytics service provider,"['ssis', 'ssdt', 'ssas', 'sql server']",,,,,,,
431,Senior Data Engineer,9,,SF Bay Area,160000.00,,Fintech,"['sql', 'python', 'aws', 'airflow']",,,,,,,
432,Data Engineer,2,,Bay Area,200000.00,,,"['python', 'emr', 'spark', 'snowflake', 'airflow']",,,,,,,
433,Data Engineer,9.5,,Washington DC,130000.00,10000.00,Federal Contracting,"['python', 'sql', 'spark on databricks', 'aws']",,,,,,,
434,Data Engineer,2.5,FR,,90000.00,,Tech / Media,"['python', 'terraform', 'aws', 'gcp', 'ansible', 'spark', 'pandas', 'scala', 'hadoop']",,,,,,,
435,Data Analyst,3,CA,Alberta,90000.00,,,,,,,,,,
436,Senior Data Engineer,5,,Seattle,165000.00,25000.00,Media,"['aws', 'airflow', 'spark', 'devops']",,,,,,,
437,Data Engineer,1,US,Virginia,102000.00,null,Government,"['python', 'sql']",,,,,,,
438,Data Engineer,8,UK,London,80000.00,15%,Asset Management,"['sql', 'azure data factory', 'python']",,,,,,,
439,Data Engineer,,,Michigan,145000.00,10% of base salary,cannabis,"['python', 'pandas', 'postgresql', 'boto3', 'airflow', 'snowflake', 'dbt', 'streamsets']",,,,,,,
440,Data Engineer,Less than 1,USA,Remote,100000.00,,,['AWS'],,,,,,,
441,Senior Azure Data Engineer,6,US,NC,130000.00,4000.00,Non Profit,"['azure', 'databricks']",,,,,,,
442,Data Engineering Manager,5,,SF,150000.00,20000.00,construction,"['aws', 'airflow', 'python', 'sql']",,,,,,,
443,,3,,,105000.00,,,"['python', 'r', 'palantir products']",,,,,,,
444,Business Intelligence Engineer,6,,Seattle,145000.00,,Amazon,"['python', 'sql', 'redshift', 'aws']",,,,,,,
445,Data Engineer,3,US,Huntsville,125000.00,8%,Gov,"['aws', 'python']",,,,,,,
446,Data Engineer,1,null,null,null,null,Retail/Grocery,"['azure', 'databricks', 'lambda']",,,,,,,
447,Lead Data Engineer,6,,SF Bay Area,160000.00,20000.00,,,,,,,,,
448,Data Engineer,1,MX,Remote,36000.00,,Retail,"['gcp', 'bigquery', 'gcs', 'airflow', 'dbt', 'looker', 'python', 'sql']",,,,,,,
449,Data Engineering Manager,10,null,null,200000.00,null,Business Services,"['python', 'dbt', 'light', 'snowflake']",,,,,,,
450,software engineer - data,7,,NYC Metro,180000.00,120000.00,,"['python', 'sql']",,,,,,,
451,Freelance Consultant,5,Denmark,,168000.00,,,"['spark', 'terraform', 'kubernetes', 'python', 'golang', 'aws', 'azure', 'prefect', 'fastapi', 'sql', 'databricks', 'snowflake', 'redshift']",,,,,,,
452,Data Engineer,3,SE,,43000.00,0.00,Consulting / Retail,"['gcp', 'python', 'sql', 'tensorflow', 'c++', 'java']",,,,,,,
453,Junior Data Analytics/Engineer,0,Germany,Baden-wÃ¼rttemberg,45000.00,7%,,"['python', 'sql', 'airflow', 'spark', 'hadoop', 'hive']",,,,,,,
454,Data Engineer,1.5,US,Remote,120000.00,,Entertainment,"['python', 'aws', 'sql', 'spark']",,,,,,,
455,Data Engineer,1.5,US,California,88800.00,10530.00,,,,,,,,,
456,Data Architect,3,Canada,,105000.00,,Customer Care,"['sql server', 'ssis', 'python', 'tableau']",,,,,,,
457,Senior Data Engineer,10,US,Indianapolis,135000.00,,Consulting,"['snowflake', 'azure', 'sql']",,,,,,,
458,Senior Data Engineer,5,CA,Vancouver,200000.00,,DaaS,"['python', 'aws', 'pyspark', 'elastic search', 'postgres', 'prefect']",,,,,,,
459,Data Architect,7,null,Denver,180000.00,null,Consulting,"['python', 'sql', 'aws', 'airflow']",,,,,,,
460,Data Infrastructure Engineer,4,UK,London,105000.00,10%,,"['airflow', 'dbt', 'aws', 'kafka', 'snowflake', 'terraform', 'python']",,,,,,,
461,Data Analyst,3,IT,Milan,46200.00,0.20,SAAS,"['python', 'sql', 'gcp', 'beam', 'arangodb', 'gitlab', 'data studio']",,,,,,,
462,data engineer,5,,,,,insurance,"['aws', 'airflow', 'python', 'sql']",,,,,,,
463,Data Engineer / Data Lead,7.5,CA,,210000.00,55000.00,,,,,,,,,
464,Data Engineering Consultant,0.5,BR,Santa Catarina,3500.00,150.00,Consultancy,"['sql', 'python', 'airflow', 'gcp', 'aws', 'reactjs', 'nodejs', 'flask', 'fastapi']",,,,,,,
465,Lead data engineer,3,US,Remote,200000.00,,Govt contracting,"['python', 'sql', 'airflow', 'gcs', 'bigquery']",,,,,,,
466,Data Engineer,10,UK,London,126000.00,0.00,,,,,,,,,
467,Data Engineering Manager,10,,San Francisco,190000.00,120000.00,,['faang'],,,,,,,
468,Data Engineer,1,US,Remote,80000.00,5%,Fintech,"['sql', 'python', 'airflow', 'aws']",,,,,,,
469,Lead Data Engineer,4,,Boston,145000.00,,Ecommerce,"['snowflake', 'dbt', 'databricks', 'airflow', 'python', 'gitlab', 'docker', 'scala']",,,,,,,
470,"Data Engineer, Senior Manager",1.5,UK,London,40000.00,,Media and Advertising,"['gcp', 'cloud functions', 'big query', 'compute engine', 'cloud run', 'gcs', 'python', 'java script', 'airflow', 'dbt', 'gitlab']",,,,,,,
471,,,,,,,,,,,,,,,
472,Data Engineer IV,1.5,MX,QuerÃ©taro,17150.00,15%,Chemicals,"['databricks', 'azure data factory', 'mssql', 'pl/sql', 'ipc', 'snowflake']",,,,,,,
473,Data Engineer,3,PT,,55000.00,,Non tech,"['aws', 'python', 'dbt', 'trino']",,,,,,,
474,Senior DE,2,,Bay Area,175000.00,,Seed round services startup,"['airflow', 'bigquery', 'postgres', 'elasticsearch', 'databricks', 'spark', 'mlflow', 'python', 'node', 'cloud functions', 'pubsub', 'packer', 'k8s', 'terraform']",,,,,,,
475,Data Engineer,5.5,CA,Toronto,92000.00,9200.00,Insurance,"['azure', 'databricks', 'pyspark']",,,,,,,
476,,,,,,,,,,,,,,,
477,Data Engineer,1,,Chicago,110000.00,,Insurance Tech,,,,,,,,
478,Data Engineer,1,AU,Tasmania,80000.00,,Aquaculture,"['sql server', 'mssql', 'ssis', 'ssdt', 't-sql']",,,,,,,
479,"Junior SQL Developer, Junior Data Engineer",2.5,,Oklahoma City and Phoenix,60000.00,,,"['sql', 'python', 'php']",,,,,,,
480,Data Engineer,5.5,NL,Amsterdam,86000.00,12000.00,IT Outsourcing & Consulting,"['azure cloud', 'python']",,,,,,,
481,Contractor,6,UK,,100000.00,,,"['azure data stack', 'mssql', 'spark', 'python', 'devops', 'power bi']",,,,,,,
482,Data Engineer,10 months,CO,BogotÃ¡,11000.00,,Ecommerce/Startup,"['aws', 'python', 'sql', 'spark', 'databricks']",,,,,,,
483,Data Engineer,2,,NYC,110000.00,10000.00,,,,,,,,,
484,,,,,,,,,,,,,,,
485,Data Engineer,0.25,US,Missouri,88000.00,5%,Automobile,"['aws', 'python', 'airflow']",,,,,,,
486,Data Engineering Manager,5,,Chicago,$136000.00,,Fintech,,,,,,,,
487,Data Engineer,2.5,,NYC,115000.00,45000.00,,,,,,,,,
488,Azure Data Engineer,2.5,CA,Toronto,85000.00,5000.00,FMCG,"['sql', 'python', 'scala', 'azure stack', 'adf', 'logic apps', 'databricks', 'synapse dwh', 'snowflake dwh', 'data modeling']",,,,,,,
489,Mid Level Data Engineer,3,,SoCal,150000.00,17500.00,Big Tech,,,,,,,,
490,Data Engineer Assoc.,<1,US,Texas,65000.00,,,"['python', 'gcp', 'docker']",,,,,,,
491,Senior Data Engineer,5.5,,Seattle,152000.00,,Entertainment,"['airflow', 'spark', 'aws', 'terraform', 'databricks', 'sql', 'python']",,,,,,,
492,Data Engineering Manager,8,US,Bay Area,212000.00,25000.00,Health/Wellness/Consumer Tech,"['python', 'golang', 'aws', 'airflow']",,,,,,,
493,Sr. Data Engineer,5.5,USA,CO,225000.00,,,,,,,,,,
494,Data Engineer,2,US,Remote,152000.00,30400.00,Telecom,"['apache nifi', 'trino', 'spark', 'airflow', 'python', 'sql']",,,,,,,
495,Data Engineer,6,UK,,70000.00,,Insurtech,"['python', 'aws', 'airflow', 'dbt', 'sql', 'terraform']",,,,,,,
496,,,,,,,,,,,,,,,
497,Data Engineer I,2,,,110000.00,,,"['aws', 'airflow', 'python', 'spark', 'docker', 'k8s', 'sql']",,,,,,,
498,Data Product Engineer,11,HK,Hong Kong,900000.00,,Media,"['gcp', 'bigquery', 'airflow', 'dbt']",,,,,,,
499,Cloud Data Engineer,4,CA,,140000.00,5000.00,SAS,"['gcp', 'pubsub', 'dataflow', 'bigquery', 'terraform', 'k8s', 'go', 'python', 'debezium', 'gitlab', 'datadog']",,,,,,,
500,Data Engineer,1,,SF Area,120000.00,25000.00,,"['python', 'sql', 'aws']",,,,,,,
501,Staff Data Engineer,8,US,Remote,205000.00,20000.00,,,,,,,,,
502,Data Engineer I,1,US,NYC,100000.00,15000.00,Marketing Tech,"['snowflake', 'airflow', 'aws']",,,,,,,
503,Data Analyst,< 6 months,US,Portland,42000.00,,Fitness,"['python', 'sql']",,,,,,,
504,Senior Data Engineer,5,UK,,65000.00,,Healthcare,"['azure', 'mssql']",,,,,,,
505,Integration Engineer,2.7,US,PA,77500.00,3%,Tech/Healthcare,"['aws s3', 'talend', 'pentahoe (kettle)', 'postgres', 'airflow']",,,,,,,
506,sr data engineer,5,USA,,120000.00,,,"['nifi', 'aws emr', 'ec2', 's3', 'lambda', 'pyspark', 'shell scripting']",,,,,,,
507,Senior DE,6,US,Remote,132000.00,8%,Healthcare/Pharmacy,"['azure data factory', 'azure data lake storage', 'azure databricks', 'azure delta lake', 'azure synapse (sql dw)', 'spark', 'snowflake']",,,,,,,
508,Senior BI Developer,7,UK,North,55000.00,,Tech,"['mssql', 'python', 'aws', 'azure']",,,,,,,
509,Data Engineer,3,NL,Amsterdam,70000.00,,Floriculture,"['aws', 'python', 'kafka', 'pyspark', 'airflow', 'cdk']",,,,,,,
510,,,,,,,,,,,,,,,
511,Data Engineer,2,DE,Chemnitz,66000.00,,App/web product startup,"['kafka', 'k8s-cronjobs', 'bigquery', 'dbt']",,,,,,,
512,Data Engineer II,3,,Midwest,82000.00,4000.00,,"['talend', 'qlik']",,,,,,,
513,Data Engineer,8,US,Minneapolis,100000.00,5%,Microsoft,"['big query', 'airflow', 'dbt']",,,,,,,
514,Data Engineer,1.5,,,$83000.00,3%,Non Profit Insurance,"['python', 'spark', 'spark streaming', 'r', 'sql', 'azure databricks', 'docker', 'r shiny']",,,,,,,
515,Senior Software Engineer,5,IN,Hyderabad,22600.00,,BI,"['aws', 'airflow', 'python', 'sql']",,,,,,,
516,Junior Data Engineer,0.75,PK,,3350.00,,Data side/startup,"['python', 'sql', 'airflow', 'dbt', 'aws', 'snowflake']",,,,,,,
517,Data Engineer,< 2,,,"$125,000.00","$20,000.00",Tech,"['sql', 'spark', 'scala', 'airflow']",,,,,,,
518,Data Analyst,1,CA,Remote,90000.00,3000.00,Hospitality,"['sql', 'python']",,,,,,,
519,Data Engineer,2.4,UK,null,52000.00,null,Telecommunication,"['aws', 'gcp', 'aws glue', 'athena', 'lambda', 'sql', 'step functions', 'sns', 'kafka', 'dynamodb', 'cloud procs', 'data flow', 'bq', 'python', 'javascript', 'azure']",,,,,,,
520,Lead Data Engineer,5,US,Remote,145000.00,5000.00,E-Learning,"['python (etl)', 'sql (redshift, aurora postgres)', 'looker', 'node.js (application)', 'rethinkdb']",,,,,,,
521,Data Engineering Manager,4,USA,Colorado,150000.00,15000.00,,,,,,,,,
522,"Manager, Data & Analytics",6,US,Nashville,130000.00,53000.00,Healthcare,"['microsoft bi stack', 'azure data factory', 'azure data lake', 'azure synapse dedicated pool', 'azure synapse', 'spark', 'power bi', 'python']",,,,,,,
523,Data Engineer,2,US,Bay Area,180000.00,,ML/AI,"['GCP', 'Databricks', 'BigQuery', 'Looker', 'PubSub', 'k8s', 'Python', 'PySpark', 'SQL']",,,,,,,
524,Data Engineer,2.5,Germany,Cologne,66000.00,25000.00,,"['kafka', 'spring', 'java', 'python']",,,,,,,
525,Data Engineer,1.5,,"Washington, D.C.",110000.00,5%,Tech / Series C Unicorn,"['python', 'sql', 'aws', 'databricks', 'pyspark', 'kafka', 'snowflake']",,,,,,,
526,Database Administrator,4,,Cambridge,,,Medical Research,"['sql', 'r', 'python']",,,,,,,
527,Data Engineer,8,,San Francisco Bay Area,130000.00,13000.00,Medical Devices,"['golang', 'aws/terraform', 'mysql', 'redshift', 'argo workflows', 'splunk']",,,,,,,
528,Data Engineer,10,Germany,Berlin,75000.00,,E commerce,"['sql', 'python', 'gcp', 'snowflake', 'airflow', 'docker']",,,,,,,
529,Data Engineer,3,,Minnesota,100000.00,,Healthcare,"['python', 'pyspark', 'docker', 'aws', 'airflow', 'sql', 'dbt']",,,,,,,
530,Technical Lead,5,GB,London,63000.00,20%,Utilities Consulting,"['azure adf', 'databricks', 'pyspark', 'postgresql', 'sqlserver', 'react', 'django']",,,,,,,
531,Data Scientist,1,IN,Bangalore,1260000.00,,Management Consultancy,"['aws', 'pyspark', 'python', 'sql', 'redshift', 'powerbi']",,,,,,,
532,Data Engineer,5,CO,Bogota,40800.00,,Digital Banking,"['sql', 'python', 'aws', 'airflow', 'dbt', 'circle ci', 'terraform', 'git', 'powerbi', 'snowflake', 'fivetran', 'talend', 'ssis', 'ibm datastage', 'sas enterprise guide', 'pentaho/spoon', 'looker', 'periscope/sisense', 'ibm cognos']",,,,,,,
533,Data Engineering Manager,6.5,UK,,63500.00,,Media,"['informatica', 'ab initio', 'sql', 'python']",,,,,,,
534,"Software Engineer, Data",2,,SF/Bay Area,145000.00,16500.00,AI Healthcare,"['airflow', 'aws', 'kinesis', 'lambda', 'step functions', 'glue', 's3', 'rds', 'python', 'sql']",,,,,,,
535,Data Engineer,5,US,null,100000.00,null,null,['redshift'],,,,,,,
536,Data Scientist,5,Spain,Barcelona,60000.00,30000.00,,"['python', 'airflow', 'aws', 'scikit', 'sql', 'docker', 'data modeling']",,,,,,,
537,Associate Data Engineer,1.5,US,Tennessee,61300.00,null,null,"['adls', 'python', 'golang', 'sql', 'no-sql', 'power bi', 'spark', 'sci-kit learn', 'self-made software (apis, change streams, etc.)']",,,,,,,
538,Analytics System Admin (ETL Developer + BI),0,,Midwest,95000.00,15000.00,,,,,,,,,
539,Junior Data Engineer,2,CA,,78000.00,,Accounting,"['Python', 'SQL']",,,,,,,
540,Analytic Consultant,15,,Minneapolis,103000.00,,Finance,"['python', 'vba', 'tableau', 'sql']",,,,,,,
541,,,,,,,,,,,,,,,
542,"Software Engineer, Data",1.5,,SF/Bay Area,140000.00,14000.00,AI Healthcare,,,,,,,,
543,Data Engineer / Scrum Master,<2,USA,,80000.00,7%,Insurance,,,,,,,,
544,Cloud Data Engineer,4,CA,,140000.00,5000.00,Insurance,['sas'],,,,,,,
545,Data Engineer,1,,Denver,90300.00,7700.00,Financial Services,,,,,,,,
546,Data Analytics Engineer,1,ES,Madrid,72000.00,,,[],,,,,,,
547,Data Engineer,0.58,DE,,59000.00,,Marketing and Advertising,[],,,,,,,
548,Data Engineer,1.25,US,Los Angeles,120000.00,0.12,Internet Marketing,[],,,,,,,
549,Analytics Engineering Manager,6,USA,PNW,150000.00,15%,SaaS,,,,,,,,
550,Data Engineer,0.17,US,North Carolina,100000.00,,Healthcare,[],,,,,,,
551,,,,,,,,,,,,,,,
552,Staff Data Engineer,5,US,North Carolina,180000.00,,Tech,"['etl', 'dbt', 'snowflake', 'mlops', 'ml engineering', 'data science']",,,,,,,
553,Data Engineer,4,US,New York,160000.00,40000.00,Finance,,,,,,,,
554,Senior Data Engineer,2.5,US,Charlotte,117000.00,10000.00,FinTech,[],,,,,,,
555,BI Developer/Data Analyst,2,US,Portland,100000.00,,,,,,,,,,
556,Senior Data Engineer,4,,San Francisco,175000.00,,,,,,,,,,
557,Data Engineer,1,US,Denver,100000.00,10000.00,Venture Capital,[],,,,,,,
558,Data Engineer,<2,NO,,650000.00,,Shipping,[],,,,,,,
559,Data Scientist,2,BR,Campinas,114000.00,null,IT,[],,,,,,,
560,Data Engineer,3,PA,Panama City,60000.00,,,,,,,,,,
561,Senior Data Engineer,7,NL,,"101,070.00","8,890.00",Retail,[],,,,,,,
562,Date Engineer,<1,FR,Paris,46500.00,,Adtech,,,,,,,,
563,Sr. Data Analyst,5,,San Diego,140000.00,,E-commerce,[],,,,,,,
564,Data Engineer,<1,,,$80000.00,,Manufacturing/Chemicals,,,,,,,,
565,BI,5,UK,London,120000.00,,,['cloud'],,,,,,,
566,DS,4,,,155000.00,8%,,,,,,,,,
567,Senior Data Engineer,5,,Midwest,,,Entertainment,[],,,,,,,
568,Sr Data Scientist,4,,SF/Bay Area,170000.00,24000.00,Pharmaceuticals,,,,,,,,
569,Big Data Developer,10,IT,null,19400.00,2000.00,Consultancy,[],,,,,,,
570,Junior DE,3,US,Small city,65000.00,5%,Biotech,[],,,,,,,
571,Consultant,4.5,USA,Midwest,135000.00,7-14%,Consulting,,,,,,,,
572,Data Engineer,1.5,,Chicago,115000.00,25000.00,CPG,,,,,,,,
573,Data Engineer,2,,New York,105000.00,10000.00,Consulting,,,,,,,,
574,Programmer Analyst,3.5,India,Bangalore,27000.00,4500.00,Finance,[],,,,,,,
575,Software Engineer II,4,US,Fort Collins,95000.00,10%,Fintech,,,,,,,,
576,Data engineer,4,TR,,18000.00,,Finance,"['same', 'as', 'yours']",,,,,,,
577,Data Engineer,3,DE,Munich,66000.00,20000.00,,,,,,,,,
578,Data Engineer,4,US,NYC,170000.00,10%,Big Tech,,,,,,,,
579,Data Engineer,5,ID,,32000.00,4000.00,Finance,,,,,,,,
580,Data Engineer II,< 4,US,New York,95000.00,10000.00,Finance,[],,,,,,,
581,,,,,,,,,,,,,,,
582,Data Engineer,1.5,US,New York,90000.00,10000.00,Health Tech,[],,,,,,,
583,Data Analyst,2,USA,Philadelphia,73000.00,10000.00,,,,,,,,,
584,BI Developer,4,US,Midwest,105000.00,6%,Wholesale,,,,,,,,
585,Data Engineer,1,US,"MD, Virginia, DC",100000.00,5000.00,Government Consulting,,,,,,,,
586,Senior Data Engineer,9,BR,SÃ£o Paulo,24000.00,,Internet,[],,,,,,,
587,Data Engineer,1,AU,,94000.00,,Finance,[],,,,,,,
588,Data Engineering Manager,4,US,Washington DC,160000.00,12000.00,,,,,,,,,
589,Sr. Data Engineer,8,USA,PNW,130000.00,18000.00,Retail/E-commerce,,,,,,,,
590,Data Engineer,10,,Sacramento,81000.00,,Retail/Manufacturing,,,,,,,,
591,Data Engineer,2,IT,,38500.00,,Consultancy,[],,,,,,,
592,"Senior Software Engineer, Data",4,,San Francisco,180000.00,,,,,,,,,,
593,Data Engineer,6,,San Francisco Bay Area,125000.00,20000.00,Fintech,,,,,,,,
594,Senior Data Engineer,9,,Philadelphia Suburbs,"$120,000",4%,Digital Marketing,,,,,,,,
595,Jr Data Engineer,0,US,DC,85000.00,6000.00,Consulting,[],,,,,,,
596,Data Analyst,2,USA,Phoenix,61000.00,,Sales,['web hosting'],,,,,,,
597,Data Engineer,0.5,US,Idaho,60000.00,,,,,,,,,,
598,Database Engineer,4,UK,Cambridge,30000.00,,Medical Research,,,,,,,,
599,Senior Data Engineer,4,UK,,58000.00,5000.00,IT Consultancy,,,,,,,,
600,Data Analytics Engineer,1,,Chicago,100000.00,,Fintech,[],,,,,,,
601,Data Engineer,2,UK,,42000.00,,Health Retailer,[],,,,,,,
602,Senior Data Engineer,3.5,US,Texas,130000.00,,SaaS,[],,,,,,,
603,Data Engineer,1,CO,,120000.00,,,['equity'],,,,,,,
604,Data Engineer,3.5,US,Austin,80000.00,15000.00,Marketing,,,,,,,,
605,Data Engineer,3,US,Chicago,144000.00,14500.00,,,,,,,,,
606,Senior Data Engineer,3,UK,London,112050.00,,,,,,,,,,
607,Technical lead data engineer,5,US,TX,265000.00,47000.00,Healthcare/consulting,[],,,,,,,
608,Data Engineer,0,PH,,22000.00,,,['saas'],,,,,,,
609,Data Engineer,3,UK,South West,45000.00,4500.00,SaaS,,,,,,,,
610,Sr Data Engineer,2,DE,,90000.00,,,,,,,,,,
611,Sr Technical Product Manager,7,,Seattle,190000.00,36000.00,Streaming Service,,,,,,,,
612,Data Engineer,4,US,Texas,110000.00,10000.00,Finance,[],,,,,,,
613,,,,,,,,,,,,,,,
614,Sr Data Engineer,5,US,Pacific Northwest,150000.00,22000.00,,,,,,,,,
615,Data Engineer,10,UK,London,80000.00,8000.00,FAANG,['null'],,,,,,,
616,Analytics Engineering Manager,7,,,$140000.00,$20000.00,,,,,,,,,
617,Data Engineer,2,US,Chicago,85000.00,7500.00,Biotech,,,,,,,,
618,Data Analytics Engineer,3,,Bay Area,130000.00,0.15,,,,,,,,,
619,Data Engineer,2.5,NL,The Hague,56000.00,,Finance,[],,,,,,,
620,,,,,,,,,,,,,,,
621,Data Engineer,8,US,Ohio,90000.00,7000.00,,,,,,,,,
622,Data Engineer,3,US,Chicago,100000.00,10000.00,CPG,[],,,,,,,
623,Data Engineer,12,ARG,NYC,42000.00,,Healthcare,"['sql', 'bi', 'etl']",,,,,,,
624,Data Engineer,6,,Seattle,170000.00,,,,,,,,,,
625,"Software Engineer, Data",1.5,,SF/Bay Area,140000.00,14000.00,AI Healthcare,,,,,,,,
626,Data Engineer,3,,Bay Area,155000.00,100000.00,,,,,,,,,
627,Data Analytics Engineer,2,,Tampa,$80000.00,,Media/Marketing,,,,,,,,
628,Sr Data Engineer,7,IN,,70000.00,20000.00,,[],,,,,,,
629,Distinguished Engineer,20,,,145000.00,0.00,Telecom,,,,,,,,
630,DataOps Consultant,1.5,US,Southeast,105000.00,,,,,,,,,,
631,DevOps/DE Manager,10,,Los Angeles,105000.00,,Education,,,,,,,,
632,Data Engineer,12,,Seattle,172000.00,34000.00,,,,,,,,,
633,Data Engineer,3,,Bay Area,186000.00,10000.00,,,,,,,,,
634,Analytics Consultant,4,CA,Saskatchewan,135000.00,,Finance,,,,,,,,
635,Business Intelligence Analyst,5,CA,Toronto,76000.00,5000.00,Insurance,[],,,,,,,
636,Data Engineer,7,US,Midwest,115000.00,5-20%,Finance and Insurance,[],,,,,,,
637,Data Engineer,2,US,Southern California,132000.00,30000.00,Big Tech,,,,,,,,
638,Data Engineer,1,NL,Amsterdam,65000.00,5000.00,Consultancy,,,,,,,,
639,Data Engineer,4,,SF Bay area,180000.00,,,"['cloud', 'software']",,,,,,,
640,,,,,,,,,,,,,,,
641,Sr Software Engineer - Data,7,,SF Bay,190000.00,,,,,,,,,,
642,,,,,,,,,,,,,,,
643,Lead Data Engineer,5,,,160000.00,30000.00,,"['streaming', 'batch', 'master data management', 'gcp']",,,,,,,
644,Junior Data Engineer,1.8,CH,Basel,93000.00,,Energy,[],,,,,,,
645,Data Platform Architect,11,,Denver,120000.00,,,,,,,,,,
646,Sr Data Engineer,11,US,Pacific Northwest,140000.00,,,,,,,,,,
647,BI Analyst,2,CA,Remote,110000.00,10000.00,FinTech,,,,,,,,
648,Associate Data Engineer,0.25,US,North Carolina,72000.00,5000.00,Finance,,,,,,,,
649,,,,,,,,,,,,,,,
650,Data Engineer,1,UK,London,66200.00,20000.00,,['technology'],,,,,,,
651,Data Engineer,1,CA,Toronto,90000.00,10000.00,Retail,,,,,,,,
652,Data Engineer,4,US,Northeast,137000.00,13700.00,Healthcare,,,,,,,,
653,Data Engineer,2,NO,,70000.00,,Shipping,[],,,,,,,
654,Principal Data Engineer,20,CA,Vancouver,180000.00,10%,Food Distribution,[],,,,,,,
655,Data Engineer,5,,Nashville,90000.00,,Construction,,,,,,,,
656,,,,,,,,,,,,,,,
657,Data Engineer,0.5,UK,North West England,56000.00,,Financial Services,[],,,,,,,
658,,,,,,,,,,,,,,,
659,Data Engineer,3,CA,Montreal,93000.00,,,,,,,,,,
660,Data Engineer,1.2,,Kansas City,105000.00,15750.00,Consumer goods,,,,,,,,
661,Data Engineer,5,ID,Jakarta,25000.00,7000.00,Manufacturing,[],,,,,,,
662,Data Engineer,2.75,PT,,45000.00,,Climate Change,[],,,,,,,
663,Sr. Data Engineer,10,,Bay area,200000.00,30000.00,,,,,,,,,
664,Data Strategy Analyst,7,US,NYC,80000.00,15000.00,Finance,,,,,,,,
665,Data Engineer,1.5,AU,Melbourne,110000.00,,Consulting,[],,,,,,,
666,Data Engineering Senior Analyst,1,US,NYC,105000.00,,,,,,,,,,
667,Data Engineering Manager,2,CA,Toronto,160000.00,,Fintech,,,,,,,,
668,Data Engineer consultant,1,US,Atlanta,90000.00,,,['tech consulting'],,,,,,,
669,Senior Data Engineer,5,US,Remote,145000.00,22000.00,,,,,,,,,
670,Lead BI Developer,4,US,Atlanta,45000.00,20000.00,Manufacturing,[],,,,,,,
671,Senior Data Engineer,8,US,Seattle,123000.00,,,['faang'],,,,,,,
672,Senior Data Engineer,7,,,190000.00,,,,,,,,,,
673,Data Engineer,10,US,Midwest,90000.00,15000.00,CPG,[],,,,,,,
674,Business Intelligence Analyst,5,CA,Toronto,90000.00,9000.00,,,,,,,,,
675,Database Manager,25,,Northern Virginia,205000.00,,,[],,,,,,,
676,Data Engineer (L4),4,,,180000.0,,Retail (Series C),"['Databricks', 'GCP', 'Python', 'Looker', 'Airflow']",,,,,,,"Remote US (SF Bay Area, comp is standard across USA)"
677,Backend Engineer,4.5,,Boulder,95000.00,0.00,Insurance Tech,,,,,,,,
678,Data Engineer,5,CL,Santiago,39000.00,1000.00,Finance,,,,,,,,
679,Data Engineer,2,,NYC,90000.00,10%,Health,,,,,,,,
680,Data Developer,10,US,Remote,133000.00,10000.00,,,,,,,,,
681,Junior Data Engineer,2,CA,Toronto,80000.00,,,,,,,,,,
682,"Data Pipeline - Business Side, Sr. Manager",15,US,LCOL,150000.00,25%,,,,,,,,,
683,Data Engineer,2.5,US,Remote,130000.00,10%,,,,,,,,,
684,Senior Data Engineer,5,null,null,null,null,null,['tech'],,,,,,,
685,Data Engineering Consultant,0.5,GB,London,32000.00,,,[],,,,,,,
686,ETL Developer,1.5,Belarus,,15000.00,,,[],,,,,,,
687,Sr Data Engineer,7,,Los Angeles,125000.00,12500.00,,,,,,,,,
688,Data Engineer II,6,DE,Stuttgart,126000.00,12500.00,AI Research,[],,,,,,,
689,Data Engineer (L4),4,,,180000.0,,Retail (Series C),"['Databricks', 'GCP', 'Python', 'Looker', 'Airflow']",,,,,,,"Remote US (SF Bay Area, comp is standard across USA)"
690,Senior Data Engineer,3,US,NYC,140000.00,10000.00,sports,[],,,,,,,
691,Sr Data Engineer,7,IN,NCR,54000.00,,,,,,,,,,
692,,,,,,,,,,,,,,,
693,Senior Data Scientist,7.5,,SF Bay Area,195000.00,12%,,,,,,,,,
694,Sr. Data Engineer,6,US,Dallas,152500.00,,,['telemed'],,,,,,,
695,Jr Data Engineer,2,AU,Melbourne,70000.00,6500.00,Logistics,,,,,,,,
696,Data Engineer,5,US,Midwest,100000.00,,,,,,,,,,
697,Data Engineer,5,,PNW,95000.00,,,,,,,,,,
698,Jr Data Engineer,1,,NYC,88000.00,"8,800.00",Government Consulting,,,,,,,,
699,Business Intelligence Report Developer,3,,Midwest,60000.00,,,,,,,,,,
700,,,,,,,,,,,,,,,
701,Senior Data Engineer,6,US,Remote,135000.00,,Fin Tech,[],,,,,,,
702,Associate Data Engineer,2,,Midwest,81000.00,15000.00,Finance,"['sql', 'database']",,,,,,,
703,Senior Data Engineer,6,CA,Toronto,115000.00,52000.00,,,,,,,,,
704,Software Engineer,5,,SF,145000.00,20000.00,,,,,,,,,
705,Data Engineer,4,US,Remote,110000.00,11000.00,Fintech,[],,,,,,,
706,Data Engineer,5,EU,,78000.00,200000.00,,,,,,,,,
707,Analytics Manager,8.5,,Bay Area,215000.00,60000.00,,,,,,,,,
708,Data Engineer,1,IN,Bangalore,126000.00,,,[],,,,,,,
709,Data Engineer,0,US,Philadelphia,90000.00,10000.00,Healthcare,[],,,,,,,
710,Sr DE,10,US,Maryland,125000.00,,Retail,,,,,,,,
711,Data Engineer,1.25,UK,London,56000.00,,,,,,,,,,
712,Data Engineer II,4.5,,PNW,140000.00,80000.00,Tech,,,,,,,,
713,Data Engineer,1.8,,,100000.00,7%,Consulting,,,,,,,,
714,Data Engineer,3,DE,Stuttgart,56000.00,3360.00,Financial,[],,,,,,,
715,Senior Data Engineer,1,,NYC,118000.00,,Manufacturing,[],,,,,,,
716,Data Engineer,4,US,Pleasanton,125000.00,,E-commerce,[],,,,,,,
717,Data Engineer,1,,Philly,90000.00,,,,,,,,,,
718,Data Engineer,7,,Seattle,175000.00,35000.00,,[],,,,,,,
719,Senior Data Engineer,6,SE,Stockholm,99000.00,,,[],,,,,,,
720,Big Data Engineer,3,IN,Pune,12600.00,,,['spark'],,,,,,,
721,Lead / Sr. Data Engineer,10,Spain,Madrid,65000.00,20%,Consulting,,,,,,,,
722,Data Engineer,3,SG,Singapore,50000.00,25%,,['tech'],,,,,,,
723,Sr Data Engineer,5,India,Bangalore,41000.00,,Retail,,,,,,,,
724,MLE,2.5,,Frankfurt,,,FinTech,"['pipelines', 'recsys']",,,,,,,
725,ETL Developer,5,null,DMV,100000.00,null,Defense,"['sql', 'python']",,,,,,,
726,Associate Data Engineer,2.5,US,Connecticut,62000.00,,Healthcare,[],,,,,,,
727,,,,,,,,,,,,,,,
728,Azure Data Engineer,5,UK,London,75000.00,,,['azure'],,,,,,,
729,Program Analyst,0.5,,Southern California,80000.00,10000.00,Semiconductors,,,,,,,,
730,Jr. Data Engineer,1,US,New England,87000.00,7%,Insurance,,,,,,,,
731,Database Engineer,5,US,,140000.00,,,[],,,,,,,
732,Data Engineer,6,,Seattle,125000.00,,,,,,,,,,
733,Data Engineer,1.5,,Chicago,90000.00,5000.00,HealthTech,,,,,,,,
734,Big data engineer,2,USA,RI,110000.00,5000.00,Health care,[],,,,,,,
735,DE Manager,10,,Bay Area,190000.00,100000.00,,,,,,,,,
736,Data Engineer,3,US,California,130000.00,15000.00,Online Education Startup,[],,,,,,,
737,Data Engineer,<1,,Seattle,94000.00,,E-commerce,[],,,,,,,
738,Data Engineer,0.5,,San Diego,150000.00,,Biotech,[],,,,,,,
739,Data Engineer,3,,Chicago,117000.00,2000.00,Consulting,,,,,,,,
740,Software Engineer II,2,,Silicon Valley,107000.00,5%,Enterprise Storage Hardware,,,,,,,,
741,Analytics Engineer,1,,Bay Area,165000.00,30000.00,,"['spark', 'kafka', 'airflow']",,,,,,,
742,Jr Data Engineer,2,KR,Seoul,50000.00,,,,,,,,,,
743,Data Engineer I,0.75,IN,NCR,15000.00,2000.00,Fortune,"['scala', 'spark']",,,,,,,
744,Data Engineer,4,US,Northeast,137000.00,13700.00,Finance,['null'],,,,,,,
745,BI engineer,10,UK,South Yorkshire,50000.00,null,Retail,[],,,,,,,
746,Data Engineer,1,USA,Major,96000.00,9600.00,Supply Chain/Logistics,[],,,,,,,
747,Jr Data Engineer,1.5,US,Boston,107000.00,10%,Telecom,[],,,,,,,
748,Data Engineer,8,US,Ohio,90000.00,15750.00,CPG,,,,,,,,
749,Data Engineer,3,,,110000.00,10%,Insurance,[],,,,,,,
750,Data Engineer I,1,US,HCOL,130000.00,5%,Health-tech,[],,,,,,,
751,Data Engineer,2,US,Remote,135000.00,10%,,,,,,,,,
752,Data Engineer,0.75,NL,Amsterdam,37800.00,6000.00,Media and publishing,,,,,,,,
753,Data Engineer,6,US,MCOL,100000.00,10000.00,Cannabis,,,,,,,,
754,,,,,100000.00,,,['sql'],,,,,,,
755,Jr. Data Engineer,0.25,,,76000.00,,Gov. Contracting,[],,,,,,,
756,Distinguished Engineer,20,US,Remote,145000.00,29000.00,Telecom,[],,,,,,,
757,Data Engineer,1.5,UK,London,40000.00,,Media and Advertising,,,,,,,,
